"Participant","SimpleRT_EarlyPresses","DoggoNogo_EarlyPresses","Recruitment","Condition","Experiment_StartDate","Experiment_Duration","SimpleRT_start","SimpleRT_end","Browser_Version","Mobile","Platform","Screen_Width","Screen_Height","Refresh_Rate","Gender","Age","Handedness","Education","Student","Discipline","Ethnicity","Country","Experiment_Enjoyment","Experiment_Feedback","Assessment_Enjoyment_DoggoNogo","Assessment_Enjoyment_Simple","Assessment_Duration_DoggoNogo","Assessment_Duration_Simple","Assessment_Repeat_DoggoNogo","Assessment_Repeat_Simple","Ethnicity.Comment","Education.Comment","Discipline.Comment","Gender.Comment","DoggoNogo_ID","DoggoNogo_Study","DoggoNogo_Start","DoggoNogo_End","DoggoNogo_Level1_N","DoggoNogo_L1_Start","DoggoNogo_L1_End","DoggoNogo_Duration","SimpleRT_Duration","RPM_Correct","RPM_RT"
"S120",0.04,0.0303030303030303,"SONA","DoggoFirst",2024-12-02 13:31:30,24.29535,874550,1400631,"chrome 131.0.0","false","Windows 10",1280,585,60.92,"Female",19,"Right-handed","High school",TRUE,NA,"White","United Kingdom",3,NA,5,1,10,7,1,-2,NA,NA,NA,NA,"eE1te9K02122024","DoggoNogoValidation",2024-12-02 13:33:51,2024-12-02 13:44:55,150,2024-12-02 13:34:01,2024-12-02 13:44:55,11.0666666666667,8.76801666666667,NA,NA
"S119",0.0533333333333333,0.016260162601626,"SONA","SimpleFirst",2024-12-02 12:50:59,21.8445166666667,86970,685183,"chrome 130.0.0","false","Mac OS",1440,778,61.37,"Male",21,"Right-handed","High school",TRUE,NA,"White","United Kingdom",1,NA,0,0,10,10,-4,-3,NA,NA,NA,NA,"eO6Zkd202122024","DoggoNogoValidation",2024-12-02 13:03:41,2024-12-02 13:12:06,150,2024-12-02 13:03:53,2024-12-02 13:12:05,8.41666666666667,9.97021666666667,NA,NA
"S134",0.08,0.0263157894736842,"SONA","SimpleFirst",2024-12-03 23:04:06,21.4074833333333,48300,687369,"chrome 131.0.0","false","Windows 10",1536,730,146.48,"Male",19,"Right-handed","High school",TRUE,NA,"Black","United Kingdom",0,"Interesting study. However, was frustrating when i would click so fast that i registered as a double click at times.",2,0,10,10,-2,-3,NA,NA,NA,NA,"hZy5ET303122024","DoggoNogoValidation",2024-12-03 23:16:36,2024-12-03 23:24:25,150,2024-12-03 23:16:46,2024-12-03 23:24:25,7.81666666666667,10.65115,NA,NA
"S252",0.0466666666666667,0.00970873786407767,"SONA","SimpleFirst",2025-04-07 13:53:46,33.7977833333333,67925,1363736,"edge-chromium 135.0.0","false","Windows 10",1235,594,61.8,"Female",22,"Right-handed","High school",TRUE,NA,"White","United Kingdom",2,"Just very samey. Felt annoyed and that it was endless when I had to look out for the red boxes",3,0,20,40,-1,-2,NA,NA,NA,NA,"Wchmo9F07042025","DoggoNogoValidation",2025-04-07 14:19:36,2025-04-07 14:26:30,150,2025-04-07 14:19:46,2025-04-07 14:26:30,6.9,21.59685,0.777777777777778,13.827
"S049",0.02,0.0387596899224806,"SONA","DoggoFirst",2024-11-24 13:05:41,19.4279666666667,650452,1138675,"chrome 130.0.0","false","Windows 10",1187,599,61.17,"Female",19,"Right-handed","High school",TRUE,NA,"White","United Kingdom",2,NA,2,0,4,5,-3,-4,NA,NA,NA,NA,"hljWwu424112024","DoggoNogoValidation",2024-11-24 13:07:24,2024-11-24 13:15:45,150,2024-11-24 13:07:39,2024-11-24 13:15:45,8.35,8.13705,NA,NA
"S129",0.04,0.0230769230769231,"SONA","DoggoFirst",2024-12-03 08:50:23,20.7083833333333,701054,1210786,"chrome 131.0.0","false","Windows 10",1536,889,61.64,"Male",19,"Left-handed","High school",TRUE,NA,"Mixed","United Kingdom",3,NA,6,2,7,5,0,-4,NA,NA,NA,NA,"H15WNVp03122024","DoggoNogoValidation",2024-12-03 08:52:38,2024-12-03 09:01:18,150,2024-12-03 08:52:48,2024-12-03 09:01:18,8.66666666666667,8.49553333333333,NA,NA
"S068",0.06,0.0469798657718121,"SONA","SimpleFirst",2024-11-25 18:03:01,25.78925,319724,846493,"chrome 131.0.0","false","Mac OS",1440,778,61.53,"Female",20,"Right-handed","High school",FALSE,NA,"White","United Kingdom",2,NA,4,1,10,5,-1,0,NA,NA,NA,NA,"kRLPvpn25112024","DoggoNogoValidation",2024-11-25 18:18:19,2024-11-25 18:28:04,150,2024-11-25 18:18:29,2024-11-25 18:28:04,9.75,8.77948333333333,NA,NA
"S274",0.00666666666666667,0.03125,"SONA","SimpleFirst",2025-04-09 21:27:18,26.7142,128130,653956,"opera 117.0.0","false","Windows 10",1226,586,60.98,"Female",19,"Right-handed","High school",TRUE,NA,"White","United Kingdom",3,NA,6,4,7,5.5,1,2,NA,NA,NA,NA,"Zrb8rZk09042025","DoggoNogoValidation",2025-04-09 21:45:00,2025-04-09 21:53:23,150,2025-04-09 21:45:10,2025-04-09 21:53:23,8.38333333333333,8.76376666666667,0.888888888888889,12.343625
"S254",0.0133333333333333,0.0283687943262411,"SONA","SimpleFirst",2025-04-07 14:57:13,26.4987833333333,83079,629395,"safari 17.6.0","false","Mac OS",1470,840,60.54,"Female",19,"Right-handed","High school",TRUE,NA,"White","United Kingdom",3,NA,3,4,20,10,-2,1,NA,NA,NA,NA,"H0ZDZOx07042025","DoggoNogoValidation",2025-04-07 15:13:30,2025-04-07 15:23:07,150,2025-04-07 15:13:51,2025-04-07 15:23:07,9.61666666666667,9.10526666666667,0.333333333333333,27.196
"S174",0.08,0.0155038759689922,"SONA","DoggoFirst",2025-03-12 18:14:27,20.536,789808,1215339,"safari 18.1.1","false","Mac OS",1371,706,60.54,"Male",18,"Right-handed","High school",TRUE,NA,"White","United Kingdom",2,NA,4,1,8,5,-1,-3,NA,NA,NA,NA,"9b6Pluc12032025","DoggoNogoValidation",2025-03-12 18:15:56,2025-03-12 18:24:21,150,2025-03-12 18:16:07,2025-03-12 18:24:21,8.41666666666667,7.09218333333333,0.666666666666667,10.0526666666667
"S127",0.02,0.0413223140495868,"SONA","SimpleFirst",2024-12-03 02:16:38,19.7519666666667,30458,575460,"firefox 132.0.0","false","Windows 10",1280,587,61.1,"Male",19,"Right-handed","High school",TRUE,NA,"White","United Kingdom",2,NA,3,1,6,10,0,0,NA,NA,NA,NA,"FtHQtNO03122024","DoggoNogoValidation",2024-12-03 02:27:40,2024-12-03 02:35:28,150,2024-12-03 02:27:50,2024-12-03 02:35:28,7.8,9.08336666666667,NA,NA
"S107",0.0266666666666667,0.0341880341880342,"SONA","DoggoFirst",2024-11-29 17:03:53,21.7431666666667,705505,1257739,"chrome 131.0.0","false","Mac OS",1512,857,120.87,"Male",20,"Right-handed","High school",TRUE,NA,"White","United Kingdom",0,NA,1,0,10,10,-4,-4,NA,NA,NA,NA,"7cv9w7H29112024","DoggoNogoValidation",2024-11-29 17:06:49,2024-11-29 17:14:35,150,2024-11-29 17:06:59,2024-11-29 17:14:35,7.76666666666667,9.2039,NA,NA
"S067",0.286666666666667,0.0341880341880342,"SONA","SimpleFirst",2024-11-25 17:58:18,20.8355,50821,619106,"safari 16.6.0","false","Mac OS",817,721,29.99,"Female",18,"Right-handed","Bachelor",TRUE,"Psychology, Neuroscience","White","United Kingdom",4,"no",7,1,9,10,2,-3,NA,NA,NA,NA,"5jR7mii25112024","DoggoNogoValidation",2024-11-25 18:10:22,2024-11-25 18:18:41,150,2024-11-25 18:10:46,2024-11-25 18:18:41,8.31666666666667,9.47141666666667,NA,NA
"S014",0,0.00934579439252336,"SONA","DoggoFirst",2024-11-20 17:17:06,21.2293166666667,721849,1188298,"chrome 130.0.0","false","Mac OS",1246,810,61.93,"Female",20,"Right-handed","Bachelor",TRUE,"Psychology, Neuroscience","White","United Kingdom",3,NA,5,2,0,3,1,-1,NA,NA,NA,NA,"9GWcnso20112024","DoggoNogoValidation",2024-11-20 17:20:30,2024-11-20 17:27:53,150,2024-11-20 17:20:45,2024-11-20 17:27:53,7.38333333333333,7.77415,NA,NA
"S238",0.893333333333333,0,"SONA","SimpleFirst",2025-04-03 21:40:03,30.4521833333333,69419,749914,"chrome 134.0.0","false","Mac OS",1419,742,61.7,"Female",18,"Right-handed","Bachelor",TRUE,"Psychology, Neuroscience","White","United Kingdom",3,NA,4,1,10,3,1,-2,NA,NA,NA,NA,"GAeQbWK03042025","DoggoNogoValidation",2025-04-03 21:58:10,2025-04-03 22:09:21,150,2025-04-03 21:58:21,2025-04-03 22:09:20,11.1833333333333,11.3415833333333,0.444444444444444,NA
"S268",0.0133333333333333,0.008,"SONA","SimpleFirst",2025-04-09 10:50:14,23.63095,33441,600422,"chrome 134.0.0","false","Windows 10",1280,585,61.13,"Female",21,"Left-handed","High school",TRUE,NA,"White","United Kingdom",3,NA,7,5,25,10,3,0,NA,NA,NA,NA,"ctsnyPX09042025","DoggoNogoValidation",2025-04-09 11:03:26,2025-04-09 11:13:19,150,2025-04-09 11:03:35,2025-04-09 11:13:19,9.88333333333333,9.44968333333333,0,NA
"S284",0.0533333333333333,0,"SONA","SimpleFirst",2025-04-10 14:15:03,35.9856166666667,38345,945742,"safari 17.3.0","false","Mac OS",1470,840,57.69,"Female",21,"Right-handed","High school",TRUE,NA,"Middle Eastern/North African","United Kingdom",1,NA,3,0,6,4,-4,-3,NA,NA,NA,NA,"y1iRFsh10042025","DoggoNogoValidation",2025-04-10 14:39:23,2025-04-10 14:50:18,150,2025-04-10 14:39:33,2025-04-10 14:50:18,10.9166666666667,15.1232833333333,0.666666666666667,16.2431666666667
"S076",0,0.00847457627118644,"SONA","SimpleFirst",2024-11-26 12:12:32,19.9892166666667,185378,623187,"firefox 132.0.0","false","Windows 10",1280,586,60.79,"Female",19,"Right-handed","Bachelor",TRUE,"Psychology, Neuroscience","White","United Kingdom",2,NA,5,3,10,6,-1,0,NA,NA,NA,NA,"3GQzSIY26112024","DoggoNogoValidation",2024-11-26 12:24:06,2024-11-26 12:31:54,150,2024-11-26 12:24:16,2024-11-26 12:31:54,7.8,7.29681666666667,NA,NA
"S023",0.113333333333333,0.0168067226890756,"SONA","DoggoFirst",2024-11-21 12:26:48,21.1385166666667,671352,1212893,"safari 17.6.0","false","Mac OS",1214,752,60.73,"Female",19,"Right-handed","High school",TRUE,NA,"South Asian","United Kingdom",3,NA,3,2,10,15,0,-2,NA,NA,NA,NA,"24XgQKZ21112024","DoggoNogoValidation",2024-11-21 12:29:07,2024-11-21 12:37:13,150,2024-11-21 12:29:16,2024-11-21 12:37:13,8.1,9.02568333333334,NA,NA
"S165",0,0.0423728813559322,"SONA","DoggoFirst",2025-03-09 16:44:51,26.2052,1010007,1518350,"safari 17.6.0","false","Mac OS",1180,777,60.54,"Female",19,"Right-handed","High school",TRUE,NA,"White","United Kingdom",3,NA,3,2,5,6,0,-2,NA,NA,NA,NA,"lZGi1DU09032025","DoggoNogoValidation",2025-03-09 16:47:44,2025-03-09 16:55:37,150,2025-03-09 16:47:59,2025-03-09 16:55:37,7.88333333333333,8.47238333333333,0.666666666666667,18.9088333333333
"S282",0.00666666666666667,0.037037037037037,"SONA","DoggoFirst",2025-04-10 13:25:03,22.4807666666667,863785,1330862,"edge-chromium 135.0.0","false","Windows 10",1272,594,61.65,"Female",19,"Right-handed","High school",TRUE,NA,"Mixed","United Kingdom",3,NA,3,1,10,10,-4,-4,NA,NA,NA,NA,"iPy0Eku10042025","DoggoNogoValidation",2025-04-10 13:28:02,2025-04-10 13:36:46,150,2025-04-10 13:28:12,2025-04-10 13:36:46,8.73333333333333,7.78461666666667,0.555555555555556,10.3424
"S029",0.0333333333333333,0.00833333333333333,"SONA","SimpleFirst",2024-11-21 15:52:46,22.0607666666667,143824,576223,"chrome 130.0.0","false","Mac OS",1440,812,61.95,"Male",23,"Right-handed","High school",TRUE,NA,"White","United Kingdom",0,"One of the issues with Psychological research today is the vast majority of it is people carrying out studies simply because they found a 'gap' in the literature. In actuality, some things are simply not worth studying. Unfortunately, this study appears to fall into this camp.",0,0,13,10,-4,-3,NA,NA,NA,NA,"ZFvwIZn21112024","DoggoNogoValidation",2024-11-21 16:03:45,2024-11-21 16:11:48,150,2024-11-21 16:03:56,2024-11-21 16:11:48,8.05,7.20665,NA,NA
"S221",0.0733333333333333,0.0314465408805031,"SONA","SimpleFirst",2025-03-31 17:42:59,25.66915,51672,496260,"safari 18.3.1","false","Mac OS",1495,909,59.94,"Male",21,"Right-handed","Bachelor",TRUE,"Psychology, Neuroscience","Hispanic/Latino","United Kingdom",2,NA,0,4,30,15,-4,0,NA,NA,NA,NA,"ZMbK1Oz31032025","DoggoNogoValidation",2025-03-31 17:55:11,2025-03-31 18:05:57,150,2025-03-31 17:55:22,2025-03-31 18:05:57,10.7666666666667,7.4098,0.444444444444444,16.2975
"S012",0,0.00735294117647059,"SONA","SimpleFirst",2024-11-20 15:38:21,21.1969166666667,103064,578621,"chrome 131.0.0","false","Windows 10",1536,703,61.15,"Female",19,"Right-handed","High school",TRUE,NA,"White","United Kingdom",2,NA,3,2,7,6,0,-1,NA,NA,NA,NA,"NBhDPfw20112024","DoggoNogoValidation",2024-11-20 15:49:49,2024-11-20 15:58:55,150,2024-11-20 15:49:59,2024-11-20 15:58:55,9.1,7.92595,NA,NA
"S061",0.00666666666666667,0.0158730158730159,"SONA","SimpleFirst",2024-11-25 13:12:15,21.0690333333333,40338,530801,"chrome 128.0.0","false","Mac OS",1440,731,60.83,"Female",19,"Left-handed","High school",TRUE,NA,"White","United Kingdom",3,"i enjoyed the dog part most. in part 1, it could have other coloured boxes as well for more attention focuses reactions",6,4,15,7,-1,-3,NA,NA,NA,NA,"YIC5AYV25112024","DoggoNogoValidation",2024-11-25 13:22:38,2024-11-25 13:31:44,150,2024-11-25 13:22:48,2024-11-25 13:31:44,9.1,8.17438333333333,NA,NA
"S179",0.0266666666666667,0.0194174757281553,"SONA","SimpleFirst",2025-03-14 17:51:46,25.8862,68604,697325,"chrome 133.0.0","false","Mac OS",1470,832,30.08,"Female",20,"Right-handed","High school",TRUE,NA,"White","United Kingdom",2,NA,3,1,15,5,0,-1,NA,NA,NA,NA,"y28rC0j14032025","DoggoNogoValidation",2025-03-14 18:08:34,2025-03-14 18:16:40,150,2025-03-14 18:08:57,2025-03-14 18:16:40,8.1,10.4786833333333,0.666666666666667,14.4685
"S275",0.0266666666666667,0.008,"SONA","DoggoFirst",2025-04-09 21:55:50,21.18715,815613,1258138,"edge-chromium 135.0.0","false","Windows 10",1272,594,61.89,"Female",20,"Right-handed","Bachelor",TRUE,"Psychology, Neuroscience","White","United Kingdom",0,NA,7,0,12,10,-4,-4,NA,NA,NA,NA,"4ysjrlq09042025","DoggoNogoValidation",2025-04-09 21:56:57,2025-04-09 22:05:20,150,2025-04-09 21:57:08,2025-04-09 22:05:20,8.38333333333333,7.37541666666667,0.888888888888889,NA
"S301",0.0266666666666667,0.047244094488189,"SONA","SimpleFirst",2025-04-11 02:34:40,21.65145,32218,469402,"chrome 135.0.0","false","Windows 10",1536,730,61.88,"Male",19,"Right-handed","High school",TRUE,NA,"White","United Kingdom",4,"i love doggo",5,2,10,10,1,-2,NA,NA,NA,NA,"Rx2gGpP11042025","DoggoNogoValidation",2025-04-11 02:46:36,2025-04-11 02:55:09,150,2025-04-11 02:46:47,2025-04-11 02:55:09,8.55,7.2864,0.777777777777778,13.5445714285714
"S149",0.00666666666666667,0.0254777070063694,"SONA","DoggoFirst",2024-12-05 14:21:31,22.47975,814484,1326296,"safari 16.4.1","false","Mac OS",1440,848,60.48,"Female",19,"Right-handed","High school",TRUE,NA,"White","United Kingdom",2,NA,4,4,10,6,-3,-1,NA,NA,NA,NA,"HQlYQKa05122024","DoggoNogoValidation",2024-12-05 14:23:29,2024-12-05 14:33:50,150,2024-12-05 14:23:40,2024-12-05 14:33:50,10.35,8.5302,NA,NA
"S088",0.206666666666667,0.0260869565217391,"SONA","SimpleFirst",2024-11-27 16:00:01,19.86175,44017,588963,"chrome 131.0.0","false","Mac OS",1440,812,60.96,"Female",20,"Right-handed","High school",TRUE,NA,"White","United Kingdom",3,NA,3,4,8,7,-1,1,NA,NA,NA,NA,"AT3sJle27112024","DoggoNogoValidation",2024-11-27 16:10:57,2024-11-27 16:19:07,150,2024-11-27 16:11:07,2024-11-27 16:19:07,8.16666666666667,9.08243333333333,NA,NA
"S011",0.793333333333333,0.04,"SONA","SimpleFirst",2024-11-20 11:50:02,81.7366666666667,3752651,4257158,"chrome 131.0.0","false","Windows 10",1280,551,61.46,"Female",20,"Left-handed","High school",TRUE,NA,"South Asian","United Kingdom",1,"N\A",2,3,10,10,-4,-2,NA,NA,NA,NA,"xrKhuRO20112024","DoggoNogoValidation",2024-11-20 13:01:59,2024-11-20 13:11:11,150,2024-11-20 13:02:08,2024-11-20 13:11:11,9.2,8.40845,NA,NA
"S308",0,0.0294117647058824,"SONA","SimpleFirst",2025-04-11 13:10:18,25.4352833333333,64694,768275,"opera 117.0.0","false","Windows 10",1226,551,61.49,"Female",18,"Right-handed","High school",TRUE,NA,"White","United Kingdom",2,NA,0,4,12,5,-4,-1,NA,NA,NA,NA,"34TNlLD11042025","DoggoNogoValidation",2025-04-11 13:26:03,2025-04-11 13:35:07,150,2025-04-11 13:26:14,2025-04-11 13:35:07,9.06666666666667,11.72635,0.555555555555556,10.814
"S079",0,0.00925925925925926,"SONA","SimpleFirst",2024-11-26 19:29:01,18.8213666666667,97956,549078,"chrome 131.0.0","false","Mac OS",1440,683,61.21,"Female",19,"Right-handed","High school",TRUE,NA,"White","United Kingdom",2,NA,5,2,5,13,1,0,NA,NA,NA,NA,"7ZQSINI26112024","DoggoNogoValidation",2024-11-26 19:39:39,2024-11-26 19:46:59,150,2024-11-26 19:39:48,2024-11-26 19:46:59,7.33333333333333,7.5187,NA,NA
"S027",0.02,0.0283018867924528,"SONA","SimpleFirst",2024-11-21 14:50:43,20.9112,94056,614270,"chrome 131.0.0","false","Windows 10",1536,730,61.07,"Female",18,"Right-handed","High school",TRUE,NA,"White","United Kingdom",3,NA,6,4,8,7,0,-1,NA,NA,NA,NA,"kqCy2cq21112024","DoggoNogoValidation",2024-11-21 15:02:32,2024-11-21 15:10:42,150,2024-11-21 15:02:42,2024-11-21 15:10:42,8.16666666666667,8.67023333333333,NA,NA
"S161",0.00666666666666667,0,"SONA","SimpleFirst",2025-03-05 17:25:02,22.65775,58739,613713,"safari 18.1.1","false","Mac OS",1440,820,60.54,"Female",20,"Right-handed","High school",TRUE,NA,"White","United Kingdom",3,NA,3,4,10,15,-2,0,NA,NA,NA,NA,"TvWz5OR05032025","DoggoNogoValidation",2025-03-05 17:37:56,2025-03-05 17:47:12,150,2025-03-05 17:38:06,2025-03-05 17:47:12,9.26666666666667,9.24956666666667,0.888888888888889,6.88975
"S102",0.0266666666666667,0.0461538461538462,"SONA","SimpleFirst",2024-11-28 22:17:04,18.8085,107106,545089,"chrome 131.0.0","false","Mac OS",961,932,61.96,"Male",18,"Right-handed","Bachelor",TRUE,"Psychology, Neuroscience","White","United Kingdom",3,NA,2,6,10,4,-3,0,NA,NA,NA,NA,"y9mb3q228112024","DoggoNogoValidation",2024-11-28 22:27:01,2024-11-28 22:35:26,150,2024-11-28 22:27:11,2024-11-28 22:35:26,8.41666666666667,7.29971666666667,NA,NA
"S277",1,0.158469945355191,"SONA","SimpleFirst",2025-04-10 07:35:50,25.9491166666667,104424,609681,"chrome 128.0.0","false","Mac OS",1440,778,61.5,"Male",22,"Right-handed","Bachelor",TRUE,"Psychology, Neuroscience","White","United Kingdom",1,NA,2,2,15,15,-3,-4,NA,NA,NA,NA,"R6mpD3V10042025","DoggoNogoValidation",2025-04-10 07:49:55,2025-04-10 08:01:19,150,2025-04-10 07:50:12,2025-04-10 08:01:19,11.4,8.42095,0.666666666666667,NA
"S224",0.0266666666666667,0.0310077519379845,"SONA","SimpleFirst",2025-03-31 20:12:27,23.1386333333333,41561,648759,"safari 17.6.0","false","Mac OS",1470,839,60.12,"Female",19,"Right-handed","High school",TRUE,NA,"White","United Kingdom",2,NA,3,0,15,10,-1,-4,NA,NA,NA,NA,"QU5kswu31032025","DoggoNogoValidation",2025-03-31 20:26:20,2025-03-31 20:35:04,150,2025-03-31 20:26:30,2025-03-31 20:35:04,8.73333333333333,10.1199666666667,0.444444444444444,13.28025
"S285",0.00666666666666667,0.0165289256198347,"SONA","DoggoFirst",2025-04-10 14:16:11,25.9437,1050836,1514761,"chrome 134.0.0","false","Windows 10",1280,712,61.14,"Female",19,"Right-handed","High school",TRUE,NA,"White","United Kingdom",2,NA,4,4,7,7,1,0,NA,NA,NA,NA,"P8Rn2ec10042025","DoggoNogoValidation",2025-04-10 14:18:52,2025-04-10 14:30:21,150,2025-04-10 14:19:15,2025-04-10 14:30:21,11.4833333333333,7.73208333333333,0.444444444444444,16.25725
"S097",0,0,"SONA","SimpleFirst",2024-11-28 11:43:34,18.0690833333333,87823,570455,"chrome 131.0.0","false","Windows 10",1280,665,60.72,"Female",18,"Left-handed","High school",TRUE,NA,"White","United Kingdom",2,NA,3,2,9,12,0,1,NA,NA,NA,NA,"5yNmVij28112024","DoggoNogoValidation",2024-11-28 11:54:30,2024-11-28 12:01:01,150,2024-11-28 11:54:39,2024-11-28 12:01:01,6.51666666666667,8.04386666666667,NA,NA
"S211",0.0333333333333333,0.00943396226415094,"SONA","SimpleFirst",2025-03-29 16:52:58,21.5685666666667,89030,546651,"chrome 132.0.0","false","Mac OS",1470,782,30.65,"Female",19,"Right-handed","High school",TRUE,NA,"White","United Kingdom",2,NA,5,3,7,10,0,-2,NA,NA,NA,NA,"ihdd2iu29032025","DoggoNogoValidation",2025-03-29 17:06:36,2025-03-29 17:13:52,150,2025-03-29 17:06:46,2025-03-29 17:13:52,7.26666666666667,7.62701666666667,0.444444444444444,NA
"S182",0.02,0.00884955752212389,"SONA","DoggoFirst",2025-03-15 12:16:52,22.6817333333333,820332,1318983,"edge-chromium 134.0.0","false","Windows 10",1358,642,60.87,"Female",19,"Right-handed","High school",TRUE,NA,"White","United Kingdom",3,NA,5,4,5.5,7,0,0,NA,NA,NA,NA,"rSU0QGl15032025","DoggoNogoValidation",2025-03-15 12:18:47,2025-03-15 12:26:40,150,2025-03-15 12:18:58,2025-03-15 12:26:40,7.88333333333333,8.31085,0.777777777777778,NA
"S025",0.1,0.00826446280991736,"SONA","DoggoFirst",2024-11-21 14:24:14,19.1905,663578,1135122,"safari 17.6.0","false","Mac OS",1194,791,60.98,"Female",18,"Right-handed","High school",TRUE,NA,"South Asian","United Kingdom",2,NA,2,4,7,10,-1,-3,NA,NA,NA,NA,"En1zpbu21112024","DoggoNogoValidation",2024-11-21 14:26:26,2024-11-21 14:34:40,150,2024-11-21 14:26:35,2024-11-21 14:34:40,8.23333333333333,7.85906666666667,NA,NA
"S090",0,0.0447761194029851,"SONA","SimpleFirst",2024-11-27 16:40:18,19.77375,60406,526602,"chrome 130.0.0","false","Mac OS",1440,778,60.8,"Female",20,"Right-handed","High school",TRUE,NA,"White","United Kingdom",4,NA,5,3,9,6,1,-2,NA,NA,NA,NA,"gBQMvTt27112024","DoggoNogoValidation",2024-11-27 16:50:16,2024-11-27 16:59:13,150,2024-11-27 16:50:27,2024-11-27 16:59:13,8.95,7.76993333333333,NA,NA
"S059",0.12,0.00632911392405063,"SONA","DoggoFirst",2024-11-25 12:53:48,21.9274,790670,1294499,"chrome 128.0.0","false","Mac OS",1280,712,60.51,"Female",19,"Right-handed","Bachelor",TRUE,"Psychology, Neuroscience","Hispanic/Latino","United Kingdom",2,"no",1,0,15,15,-3,-4,NA,NA,NA,NA,"hyKnlj325112024","DoggoNogoValidation",2024-11-25 12:55:22,2024-11-25 13:06:12,150,2024-11-25 12:55:36,2024-11-25 13:06:12,10.8333333333333,8.39715,NA,NA
"S209",0.0133333333333333,0.00840336134453781,"SONA","DoggoFirst",2025-03-28 21:24:20,25.8589,1019539,1529265,"chrome 134.0.0","false","Windows 10",970,730,60.57,"Female",18,"Right-handed","High school",TRUE,NA,"Black","United Kingdom",4,NA,7,0,8,29,-3,-4,NA,NA,NA,NA,"lR68wVS28032025","DoggoNogoValidation",2025-03-28 21:31:16,2025-03-28 21:39:30,150,2025-03-28 21:31:30,2025-03-28 21:39:30,8.23333333333333,8.49543333333333,1,8.07355555555556
"S222",0.02,0.0353982300884956,"SONA","DoggoFirst",2025-03-31 18:26:11,26.20195,803745,1550224,"edge-chromium 134.0.0","false","Windows 10",1912,954,61.09,"Female",18,"Right-handed","High school",TRUE,NA,"White","United Kingdom",3,NA,5,0,10,20,-4,-4,NA,NA,NA,NA,"jSEZpvj31032025","DoggoNogoValidation",2025-03-31 18:27:35,2025-03-31 18:36:20,150,2025-03-31 18:27:45,2025-03-31 18:36:20,8.75,12.4413166666667,0.555555555555556,NA
"S069",0.0466666666666667,0.0546875,"SONA","SimpleFirst",2024-11-25 18:09:34,17.9507833333333,53564,479438,"safari 17.6.0","false","Mac OS",1180,777,56.6,"Female",19,"Right-handed","High school",TRUE,NA,"White","United Kingdom",2,NA,3,1,15,10,-1,-3,NA,NA,NA,NA,"PnAd1ug25112024","DoggoNogoValidation",2024-11-25 18:18:39,2024-11-25 18:26:57,150,2024-11-25 18:18:48,2024-11-25 18:26:57,8.3,7.0979,NA,NA
"S251",0,0.0131578947368421,"SONA","SimpleFirst",2025-04-07 10:51:40,27.90695,147074,733094,"chrome 133.0.0","false","Mac OS",1470,798,61.27,"Female",20,"Right-handed","High school",TRUE,NA,"other","United Kingdom",0,"- Maybe that if it's really boring it kinda of affects our concentration..",1,0,15,3,-4,-4,"Tatar",NA,NA,NA,"iNppXXq07042025","DoggoNogoValidation",2025-04-07 11:08:32,2025-04-07 11:18:25,150,2025-04-07 11:08:42,2025-04-07 11:18:25,9.88333333333333,9.767,0.555555555555556,NA
"S094",0.04,0.0277777777777778,"SONA","SimpleFirst",2024-11-27 19:20:21,25.4818,53234,710056,"safari 16.6.0","false","Mac OS",1280,720,60.67,"Female",20,"Right-handed","High school",TRUE,NA,"White","United Kingdom",1,"my hand went numb whilst participating in the study, which I think impacted my reaction time ",3,3,15,20,-2,-3,NA,NA,NA,NA,"sbJzEWd27112024","DoggoNogoValidation",2024-11-27 19:34:34,2024-11-27 19:44:51,150,2024-11-27 19:34:53,2024-11-27 19:44:51,10.2833333333333,10.9470333333333,NA,NA
"S038",0.0733333333333333,0.013986013986014,"SONA","SimpleFirst",2024-11-22 17:30:51,20.5980166666667,51497,542747,"edge-chromium 131.0.0","false","Windows 10",1528,738,61.32,"Female",19,"Right-handed","High school",TRUE,NA,"White","United Kingdom",2,NA,4,1,20,12,-1,-1,NA,NA,NA,NA,"ZB3F8JL22112024","DoggoNogoValidation",2024-11-22 17:41:05,2024-11-22 17:50:56,150,2024-11-22 17:41:20,2024-11-22 17:50:56,9.85,8.1875,NA,NA
"S180",0.0133333333333333,0,"SONA","SimpleFirst",2025-03-14 18:28:46,23.0284833333333,85389,650937,"chrome 134.0.0","false","Windows 10",1536,855,60.88,"Female",22,"Right-handed","High school",TRUE,NA,"White","United Kingdom",1,NA,4,1,15,10,-3,-1,NA,NA,NA,NA,"PNwY0j714032025","DoggoNogoValidation",2025-03-14 18:43:26,2025-03-14 18:51:07,150,2025-03-14 18:43:36,2025-03-14 18:51:07,7.68333333333333,9.4258,0.555555555555556,NA
"S210",0.0133333333333333,0.0196078431372549,"SONA","DoggoFirst",2025-03-28 22:54:09,21.172,765615,1215538,"chrome 134.0.0","false","Mac OS",1440,778,61.93,"Female",20,"Right-handed","Bachelor",TRUE,"Psychology, Neuroscience","South Asian","United Kingdom",3,NA,4,1,10,12,1,-3,NA,NA,NA,NA,"JpLBUPU28032025","DoggoNogoValidation",2025-03-28 22:55:46,2025-03-28 23:02:40,150,2025-03-28 22:55:56,2025-03-28 23:02:40,6.9,7.49871666666667,0.888888888888889,12.93725
"S022",0.00666666666666667,0.0263157894736842,"SONA","DoggoFirst",2024-11-20 22:27:48,17.7944166666667,581842,1039200,"edge-chromium 131.0.0","false","Windows 10",630,586,61.61,"Female",19,"Right-handed","High school",TRUE,NA,"Mixed","United Kingdom",3,NA,5,2,5,10,0,-2,NA,NA,NA,NA,"znn48at20112024","DoggoNogoValidation",2024-11-20 22:29:33,2024-11-20 22:36:46,150,2024-11-20 22:29:42,2024-11-20 22:36:46,7.21666666666667,7.62263333333333,NA,NA
"S248",0.04,0.0215827338129496,"SONA","DoggoFirst",2025-04-06 18:38:49,20.1213333333333,753572,1191731,"opera 117.0.0","false","Windows 10",1879,925,102.56,"Male",19,"Left-handed","High school",TRUE,NA,"White","United Kingdom",2,NA,3,0,17,14,-2,-4,NA,NA,NA,NA,"XBvH28p06042025","DoggoNogoValidation",2025-04-06 18:39:48,2025-04-06 18:48:45,150,2025-04-06 18:39:58,2025-04-06 18:48:45,8.95,7.30265,0.444444444444444,8.50975
"S111",0.02,0.0699300699300699,"SONA","DoggoFirst",2024-11-30 16:35:45,19.4756666666667,674110,1139869,"chrome 130.0.0","false","Mac OS",1440,812,61.68,"Female",21,"Right-handed","High school",TRUE,NA,"White","United Kingdom",0,NA,0,0,4,7,-4,-4,NA,NA,NA,NA,"B7xzMwv30112024","DoggoNogoValidation",2024-11-30 16:36:54,2024-11-30 16:45:59,150,2024-11-30 16:37:03,2024-11-30 16:45:59,9.08333333333333,7.76265,NA,NA
"S279",0.0866666666666667,0.0593220338983051,"SONA","DoggoFirst",2025-04-10 09:48:20,20.6663333333333,674574,1217983,"edge-chromium 134.0.0","false","Windows 10",1528,738,61.07,"Female",20,"Right-handed","High school",TRUE,NA,"White","United Kingdom",3,NA,5,3,10,7,2,0,NA,NA,NA,NA,"2eNtCQ010042025","DoggoNogoValidation",2025-04-10 09:50:12,2025-04-10 09:57:44,150,2025-04-10 09:50:21,2025-04-10 09:57:44,7.53333333333333,9.05681666666667,0.777777777777778,6.59057142857143
"S128",0,0.00833333333333333,"SONA","SimpleFirst",2024-12-03 04:48:09,21.7636333333333,191344,634718,"safari 18.1.0","false","Mac OS",1710,989,59.46,"Male",19,"Right-handed","Bachelor",TRUE,"Psychology, Neuroscience","Southeast Asian","United Kingdom",0,NA,0,1,7,5,-4,-4,NA,NA,NA,NA,"jmzrJ4o03122024","DoggoNogoValidation",2024-12-03 05:00:26,2024-12-03 05:08:44,150,2024-12-03 05:00:36,2024-12-03 05:08:43,8.3,7.38956666666667,NA,NA
"S148",0.00666666666666667,0.0087719298245614,"SONA","SimpleFirst",2024-12-05 12:26:40,20.2829333333333,48108,484650,"safari 18.1.0","false","Mac OS",1440,820,57.64,"Female",20,"Right-handed","High school",TRUE,NA,"White","United Kingdom",2,NA,1,1,5,10,-4,-4,NA,NA,NA,NA,"P31YmEn05122024","DoggoNogoValidation",2024-12-05 12:38:37,2024-12-05 12:46:32,150,2024-12-05 12:38:48,2024-12-05 12:46:32,7.91666666666667,7.2757,NA,NA
"S162",0,0.00892857142857143,"SONA","SimpleFirst",2025-03-06 02:01:36,21.0303666666667,48695,485749,"edge-chromium 133.0.0","false","Windows 10",1272,594,60.43,"Female",21,"Right-handed","High school",TRUE,NA,"White","United Kingdom",2,NA,4,2,10,5,1,-1,NA,NA,NA,NA,"Pi185xN06032025","DoggoNogoValidation",2025-03-06 02:14:25,2025-03-06 02:21:42,150,2025-03-06 02:14:36,2025-03-06 02:21:42,7.28333333333333,7.28423333333333,0.666666666666667,NA
"S271",0.0333333333333333,0.0150375939849624,"SONA","DoggoFirst",2025-04-09 15:52:40,24.2836833333333,910253,1396999,"edge-chromium 135.0.0","false","Windows 10",1486,808,60.9,"Male",20,"Right-handed","High school",TRUE,NA,"White","United Kingdom",2,NA,4,2,10,8,-1,-2,NA,NA,NA,NA,"oDzvvin09042025","DoggoNogoValidation",2025-04-09 15:55:51,2025-04-09 16:04:43,150,2025-04-09 15:56:09,2025-04-09 16:04:43,8.86666666666667,8.11243333333333,0.777777777777778,7.931
"S037",0.0133333333333333,0.008,"SONA","DoggoFirst",2024-11-22 16:21:59,24.8963333333333,800463,1288450,"chrome 130.0.0","false","Windows 10",1280,631,61.06,"Female",19,"Right-handed","High school",TRUE,NA,"White","United Kingdom",4,"definitely something different the first task was fun I enjoyed doing it compared to the second one , for me at least the first time having something interactive and fun in a study.  ",7,1,6,10,3,-1,NA,NA,NA,NA,"XENVbbV22112024","DoggoNogoValidation",2024-11-22 16:24:34,2024-11-22 16:34:14,150,2024-11-22 16:24:43,2024-11-22 16:34:14,9.66666666666667,8.13311666666667,NA,NA
"S255",0.0733333333333333,0.00925925925925926,"SONA","SimpleFirst",2025-04-07 15:04:07,22.6763833333333,53865,554839,"chrome 134.0.0","false","Windows 10",1280,551,62.04,"Female",22,"Right-handed","High school",TRUE,NA,"Black","United Kingdom",2,"I think the timer on the dog bones was very sensitive",3,0,8,7,-1,-2,NA,NA,NA,NA,"jT0niYF07042025","DoggoNogoValidation",2025-04-07 15:17:40,2025-04-07 15:25:39,150,2025-04-07 15:18:30,2025-04-07 15:25:39,7.98333333333333,8.34956666666667,0.555555555555556,NA
"S036",0.473333333333333,0.0580645161290323,"SONA","SimpleFirst",2024-11-22 15:06:22,50.8337333333333,58186,2132732,"chrome 131.0.0","false","Mac OS",1470,797,30.37,"Female",19,"Right-handed","High school",TRUE,NA,"South Asian","United Kingdom",3,NA,4,4,5,6,-3,2,NA,NA,NA,NA,"R8TYxaF22112024","DoggoNogoValidation",2024-11-22 15:45:36,2024-11-22 15:56:45,150,2024-11-22 15:45:53,2024-11-22 15:56:45,11.15,34.5757666666667,NA,NA
"S026",0,0.0173913043478261,"SONA","DoggoFirst",2024-11-21 14:37:07,23.25855,895451,1342983,"opera 114.0.0","false","Windows 10",1495,746,60.9,"Male",19,"Right-handed","High school",TRUE,NA,"White","United Kingdom",2,"i dont like ai art",2,0,9.4,10,-1,-3,NA,NA,NA,NA,"9mb3O4q21112024","DoggoNogoValidation",2024-11-21 14:43:06,2024-11-21 14:50:56,150,2024-11-21 14:43:17,2024-11-21 14:50:56,7.83333333333333,7.45886666666667,NA,NA
"S194",0.02,0,"SONA","DoggoFirst",2025-03-23 11:29:41,42.9707333333333,1597923,2498223,"edge-chromium 134.0.0","false","Windows 10",1272,594,59.41,"Female",19,"Right-handed","High school",TRUE,NA,"Black","United Kingdom",2,NA,5,3,10,15,0,-1,NA,NA,NA,NA,"zhARcfp23032025","DoggoNogoValidation",2025-03-23 11:42:15,2025-03-23 11:51:28,150,2025-03-23 11:43:09,2025-03-23 11:51:28,9.21666666666667,15.005,0.888888888888889,NA
"S001",0,0.0140845070422535,"SONA","DoggoFirst",2024-11-19 13:43:05,22.3035166666667,799272,1241320,"chrome 130.0.0","false","Windows 10",1920,911,61.38,"Male",19,"Left-handed","High school",TRUE,NA,"Mixed","United Kingdom",0,NA,1,0,8,5,-3,-4,NA,NA,NA,NA,"uHUV1y519112024","DoggoNogoValidation",2024-11-19 13:45:53,2024-11-19 13:55:35,150,2024-11-19 13:46:03,2024-11-19 13:55:35,9.7,7.36746666666667,NA,NA
"S092",0.153333333333333,0.0140845070422535,"SONA","SimpleFirst",2024-11-27 17:40:25,23.9062,77720,716566,"chrome 130.0.0","false","Mac OS",1440,812,61.87,"Female",18,"Right-handed","High school",TRUE,NA,"White","United Kingdom",1,NA,4,1,15,19,1,-1,NA,NA,NA,NA,"K5BR17527112024","DoggoNogoValidation",2024-11-27 17:53:50,2024-11-27 18:03:41,150,2024-11-27 17:53:59,2024-11-27 18:03:41,9.85,10.6474333333333,NA,NA
"S048",0,0.00869565217391304,"SONA","DoggoFirst",2024-11-24 11:48:26,23.2081166666667,841138,1342260,"opera 114.0.0","false","Windows 10",1495,712,60.96,"Male",21,"Right-handed","High school",TRUE,NA,"White","United Kingdom",1,NA,2,3,10,7,-3,-1,NA,NA,NA,NA,"izy960D24112024","DoggoNogoValidation",2024-11-24 11:52:37,2024-11-24 12:01:10,150,2024-11-24 11:52:47,2024-11-24 12:01:10,8.55,8.35203333333333,NA,NA
"S253",0.0133333333333333,0.0272727272727273,"SONA","DoggoFirst",2025-04-07 14:06:43,17.7816666666667,614611,1049524,"chrome 134.0.0","false","Windows 10",1280,585,60.46,"Female",20,"Right-handed","High school",TRUE,NA,"White","United Kingdom",0,NA,1,0,7,12,-4,-4,NA,NA,NA,NA,"n6SP4AM07042025","DoggoNogoValidation",2025-04-07 14:07:51,2025-04-07 14:14:52,150,2025-04-07 14:08:01,2025-04-07 14:14:52,7.01666666666667,7.24855,0.777777777777778,NA
"S178",0.0733333333333333,0.0416666666666667,"SONA","SimpleFirst",2025-03-14 17:16:41,21.8137333333333,43340,586336,"chrome 134.0.0","false","Windows 10",1280,585,61.43,"Female",19,"Right-handed","Bachelor",TRUE,"Psychology, Neuroscience","White","United Kingdom",2,".",1,3,10,10,-4,-2,NA,NA,NA,NA,"dRYj3as14032025","DoggoNogoValidation",2025-03-14 17:29:36,2025-03-14 17:37:58,150,2025-03-14 17:29:46,2025-03-14 17:37:58,8.36666666666667,9.04993333333333,0.666666666666667,12.888
"S126",0,0,"SONA","SimpleFirst",2024-12-02 21:24:24,24.2025833333333,68144,851620,"chrome 116.0.0","false","Mac OS",1440,783,60.86,"Male",21,"Left-handed","High school",TRUE,NA,"Mixed","United Kingdom",3,NA,5,3,7,2,2,0,NA,NA,NA,NA,"PyhX3NP02122024","DoggoNogoValidation",2024-12-02 21:40:50,2024-12-02 21:47:42,150,2024-12-02 21:41:00,2024-12-02 21:47:42,6.86666666666667,13.0579333333333,NA,NA
"S204",0.00666666666666667,0.0169491525423729,"SONA","DoggoFirst",2025-03-28 15:06:16,21.0664333333333,708544,1227894,"chrome 126.0.0","false","Chrome OS",1366,633,61.2,"Male",18,"Right-handed","High school",TRUE,NA,"White","United Kingdom",2,NA,3,2,10,15,-3,-4,NA,NA,NA,NA,"tgHhlJx28032025","DoggoNogoValidation",2025-03-28 15:07:38,2025-03-28 15:15:55,150,2025-03-28 15:07:48,2025-03-28 15:15:55,8.28333333333333,8.65583333333333,0.666666666666667,8.0925
"S272",0.00666666666666667,0.0731707317073171,"SONA","DoggoFirst",2025-04-09 17:47:48,22.0014,843921,1282272,"chrome 134.0.0","false","Mac OS",1440,696,61.34,"Male",20,"Right-handed","Bachelor",TRUE,"Psychology, Neuroscience","White","United Kingdom",1,NA,1,4,20,10,-1,0,NA,NA,NA,NA,"R8r4q7p09042025","DoggoNogoValidation",2025-04-09 17:50:17,2025-04-09 17:58:31,150,2025-04-09 17:50:28,2025-04-09 17:58:31,8.23333333333333,7.30585,0.555555555555556,14.5444
"S213",0.02,0.0170940170940171,"SONA","DoggoFirst",2025-03-30 18:18:00,21.27055,781711,1259064,"chrome 134.0.0","false","Mac OS",2048,1064,60.01,"Female",20,"Right-handed","High school",TRUE,NA,"White","United Kingdom",0,NA,1,0,10,10,-4,-4,NA,NA,NA,NA,"sxdaZ9y30032025","DoggoNogoValidation",2025-03-30 18:19:46,2025-03-30 18:27:51,150,2025-03-30 18:19:59,2025-03-30 18:27:51,8.08333333333333,7.95588333333333,0.555555555555556,16.381
"S135",0.0666666666666667,0.018348623853211,"SONA","SimpleFirst",2024-12-04 14:17:38,35.5138,108879,1375997,"chrome 130.0.0","false","Mac OS",1440,730,61.18,"Female",20,"Right-handed","High school",TRUE,NA,"South Asian","United Kingdom",2,NA,5,3,10,25,-1,-2,NA,NA,NA,NA,"HR4IRtH04122024","DoggoNogoValidation",2024-12-04 14:41:57,2024-12-04 14:52:47,150,2024-12-04 14:42:06,2024-12-04 14:52:47,10.8333333333333,21.1186333333333,NA,NA
"S226",0.02,0.0535714285714286,"SONA","DoggoFirst",2025-03-31 23:40:01,23.5548,881047,1370309,"edge-chromium 134.0.0","false","Windows 10",1528,738,60.01,"Male",21,"Left-handed","High school",TRUE,NA,"White","United Kingdom",2,NA,4,0,18,20,-1,-2,NA,NA,NA,NA,"J8Cq2g531032025","DoggoNogoValidation",2025-03-31 23:42:10,2025-03-31 23:49:52,150,2025-03-31 23:42:20,2025-03-31 23:49:52,7.7,8.15436666666667,0.777777777777778,NA
"S003",0.00666666666666667,0,"SONA","DoggoFirst",2024-11-19 16:09:13,21.2147166666667,816468,1252277,"chrome 131.0.0","false","Windows 10",1280,551,61.77,"Female",20,"Right-handed","Other",NA,NA,"White","United Kingdom",4,NA,6,3,10,10,2,0,NA,"collage",NA,NA,"tTyspbH19112024","DoggoNogoValidation",2024-11-19 16:11:41,2024-11-19 16:21:50,150,2024-11-19 16:11:56,2024-11-19 16:21:50,10.15,7.26348333333333,NA,NA
"S008",0.04,0.00719424460431655,"SONA","SimpleFirst",2024-11-19 20:30:32,22.44035,131879,644416,"edge-chromium 131.0.0","false","Windows 10",1528,898,61.61,"Female",20,"Right-handed","High school",TRUE,NA,"White","United Kingdom",2,NA,2,3,15,10,-4,0,NA,NA,NA,NA,"BpNpmOs19112024","DoggoNogoValidation",2024-11-19 20:42:38,2024-11-19 20:52:17,150,2024-11-19 20:42:48,2024-11-19 20:52:17,9.65,8.54228333333333,NA,NA
"S229",0.0333333333333333,0.0390625,"SONA","SimpleFirst",2025-04-01 19:37:22,22.9390666666667,42991,501138,"safari 17.6.0","false","Mac OS",1440,820,60.24,"Female",20,"Right-handed","High school",TRUE,NA,"White","United Kingdom",1,"I hated when it said I almost got the bone - it was still there and I felt like I wasn't taking any longer!!",2,1,10,6,-3,-4,NA,NA,NA,NA,"4w6vwOu01042025","DoggoNogoValidation",2025-04-01 19:49:39,2025-04-01 19:58:44,150,2025-04-01 19:50:15,2025-04-01 19:58:44,9.08333333333333,7.63578333333333,0.666666666666667,NA
"S176",0,0.0260869565217391,"SONA","SimpleFirst",2025-03-13 20:30:53,28.6947,168598,765427,"chrome 134.0.0","false","Windows 10",1536,738,61.36,"Female",51,"Right-handed","Other",NA,NA,"Hispanic/Latino","United Kingdom",3,NA,6,2,15,10,3,0,NA,"Vocational Training after High School",NA,NA,"Qp9djC813032025","DoggoNogoValidation",2025-03-13 20:49:29,2025-03-13 20:57:43,150,2025-03-13 20:49:44,2025-03-13 20:57:43,8.23333333333333,9.94715,0.666666666666667,NA
"S052",0.0533333333333333,0.0514705882352941,"SONA","DoggoFirst",2024-11-24 16:09:19,26.3284833333333,758371,1544856,"chrome 130.0.0","false","Mac OS",1440,812,61.23,"Female",18,"Right-handed","High school",TRUE,NA,"Middle Eastern/North African","United Kingdom",1,NA,2,1,12,10,-3,-3,NA,NA,NA,NA,"h0ihbG024112024","DoggoNogoValidation",2024-11-24 16:11:28,2024-11-24 16:20:53,150,2024-11-24 16:11:37,2024-11-24 16:20:53,9.41666666666667,13.1080833333333,NA,NA
"S144",0,0.00862068965517241,"SONA","SimpleFirst",2024-12-04 23:17:52,19.4281333333333,81858,537628,"chrome 126.0.0","false","Mac OS",1470,833,61.43,"Female",19,"Left-handed","High school",TRUE,NA,"White","United Kingdom",2,NA,4,3,8.5,7,-1,0,NA,NA,NA,NA,"P1YAqBB04122024","DoggoNogoValidation",2024-12-04 23:28:16,2024-12-04 23:36:28,150,2024-12-04 23:28:26,2024-12-04 23:36:28,8.2,7.59616666666667,NA,NA
"S287",0.32,0.0289855072463768,"SONA","SimpleFirst",2025-04-10 14:39:48,22.9413333333333,91255,543813,"chrome 133.0.0","false","Mac OS",1440,812,61.77,"Female",20,"Right-handed","High school",TRUE,NA,"White","United Kingdom",3,NA,1,3,20,10,-3,0,NA,NA,NA,NA,"KRuOhIm10042025","DoggoNogoValidation",2025-04-10 14:52:49,2025-04-10 15:02:17,150,2025-04-10 14:53:07,2025-04-10 15:02:17,9.46666666666667,7.54263333333333,0.888888888888889,15.031875
"S123",0.2,0.0333333333333333,"SONA","DoggoFirst",2024-12-02 15:39:33,29.4631833333333,691571,1738054,"chrome 131.0.0","false","Mac OS",1440,753,60.92,"Female",19,"Right-handed","High school",TRUE,NA,"Southeast Asian","United States",3,NA,5,5,10,12,1,2,NA,NA,NA,NA,"g3iYG7002122024","DoggoNogoValidation",2024-12-02 15:42:02,2024-12-02 15:50:18,150,2024-12-02 15:42:12,2024-12-02 15:50:18,8.26666666666667,17.4413833333333,NA,NA
"S125",0.0133333333333333,0,"SONA","SimpleFirst",2024-12-02 20:55:34,19.0337,65611,556226,"chrome 131.0.0","false","Windows 10",1280,551,61.82,"Female",22,"Right-handed","High school",TRUE,NA,"White","United Kingdom",2,NA,2,1,10,15,-1,-1,NA,NA,NA,NA,"enWDevK02122024","DoggoNogoValidation",2024-12-02 21:06:49,2024-12-02 21:13:44,150,2024-12-02 21:06:59,2024-12-02 21:13:44,6.91666666666667,8.17691666666667,NA,NA
"S050",0.0133333333333333,0.0252100840336134,"SONA","SimpleFirst",2024-11-24 14:23:44,24.1582666666667,88520,659798,"safari 16.6.0","false","Mac OS",1066,628,60.85,"Female",21,"Right-handed","High school",TRUE,NA,"White","United Kingdom",3,NA,4,3,15,15,1,0,NA,NA,NA,NA,"KrA739U24112024","DoggoNogoValidation",2024-11-24 14:37:58,2024-11-24 14:47:11,150,2024-11-24 14:38:08,2024-11-24 14:47:11,9.21666666666667,9.5213,NA,NA
"S051",0.14,0.0338983050847458,"SONA","DoggoFirst",2024-11-24 14:41:09,20.6666,731796,1219952,"chrome 131.0.0","false","Windows 10",1266,722,60.63,"Male",19,"Right-handed","Bachelor",TRUE,"Psychology, Neuroscience","Mixed","United Kingdom",0,NA,3,0,12,20,-4,-4,NA,NA,NA,NA,"Kwy1wCy24112024","DoggoNogoValidation",2024-11-24 14:44:47,2024-11-24 14:52:47,150,2024-11-24 14:44:57,2024-11-24 14:52:47,8,8.13593333333333,NA,NA
"S278",0.00666666666666667,0.0260869565217391,"SONA","DoggoFirst",2025-04-10 09:41:23,20.1059666666667,764554,1191124,"safari 18.3.0","false","Mac OS",1440,820,60.24,"Female",21,"Right-handed","Bachelor",TRUE,"Psychology, Neuroscience","White","United Kingdom",2,NA,2,1,6,10,-2,-3,NA,NA,NA,NA,"0H6iPvM10042025","DoggoNogoValidation",2025-04-10 09:42:44,2025-04-10 09:50:26,150,2025-04-10 09:42:53,2025-04-10 09:50:26,7.7,7.1095,0.555555555555556,20.2802
"S189",0,0,"SONA","SimpleFirst",2025-03-20 21:45:40,24.0227,118674,683389,"edge-chromium 134.0.0","false","Windows 10",1432,684,60.08,"Female",18,"Right-handed","High school",TRUE,NA,"White","United Kingdom",2,NA,3,1,10,10,-1,-2,NA,NA,NA,NA,"zWxPgr020032025","DoggoNogoValidation",2025-03-20 22:01:30,2025-03-20 22:08:51,150,2025-03-20 22:01:40,2025-03-20 22:08:51,7.35,9.41191666666667,0.555555555555556,20.4164
"S096",0.0133333333333333,0.0363636363636364,"SONA","DoggoFirst",2024-11-28 00:03:55,16.9291,542721,1002235,"chrome 131.0.0","false","Windows 10",1280,551,61.46,"Female",18,"Right-handed","High school",TRUE,NA,"South Asian","United Kingdom",2,NA,1,0,3.5,5,-4,-4,NA,NA,NA,NA,"RLw6QO128112024","DoggoNogoValidation",2024-11-28 00:04:55,2024-11-28 00:12:25,150,2024-11-28 00:05:05,2024-11-28 00:12:25,7.5,7.65856666666667,NA,NA
"S113",0.0266666666666667,0.0283687943262411,"SONA","DoggoFirst",2024-12-01 13:39:17,21.9061,772758,1274897,"chrome 131.0.0","false","Windows 10",1280,632,61.97,"Female",19,"Right-handed","High school",TRUE,NA,"White","United Kingdom",3,NA,5,3,10,15,0,-1,NA,NA,NA,NA,"m4ZNZ5h01122024","DoggoNogoValidation",2024-12-01 13:41:34,2024-12-01 13:50:55,150,2024-12-01 13:41:44,2024-12-01 13:50:55,9.35,8.36898333333333,NA,NA
"S057",0,0.0256410256410256,"SONA","DoggoFirst",2024-11-25 03:02:52,20.3456,692225,1154125,"chrome 131.0.0","false","Windows 10",1368,743,61.52,"Female",19,"Right-handed","High school",TRUE,NA,"Mixed","United Kingdom",0,NA,4,3,5,8,-2,-3,NA,NA,NA,NA,"2WlSqZe25112024","DoggoNogoValidation",2024-11-25 03:05:13,2024-11-25 03:13:03,150,2024-11-25 03:05:23,2024-11-25 03:13:03,7.83333333333333,7.69833333333333,NA,NA
"S018",0.0466666666666667,0.0615384615384615,"SONA","DoggoFirst",2024-11-20 18:11:33,23.2379166666667,664818,1297972,"safari 17.5.0","false","Mac OS",1324,754,59.94,"Female",18,"Right-handed","High school",TRUE,NA,"White","United Kingdom",1,NA,0,0,10,20,-4,-4,NA,NA,NA,NA,"2g5E8M320112024","DoggoNogoValidation",2024-11-20 18:13:15,2024-11-20 18:21:48,150,2024-11-20 18:13:25,2024-11-20 18:21:48,8.55,10.5525666666667,NA,NA
"S124",0.153333333333333,0.0229007633587786,"SONA","DoggoFirst",2024-12-02 16:26:39,19.1494166666667,632828,1131024,"chrome 129.0.0","false","Mac OS",1440,778,61.53,"Female",20,"Right-handed","High school",TRUE,NA,"White","United Kingdom",4,NA,7,4,10,10,2,-1,NA,NA,NA,NA,"XaJmR3T02122024","DoggoNogoValidation",2024-12-02 16:28:18,2024-12-02 16:36:45,150,2024-12-02 16:28:27,2024-12-02 16:36:45,8.45,8.30326666666667,NA,NA
"S280",0.00666666666666667,0.0173913043478261,"SONA","DoggoFirst",2025-04-10 12:34:48,24.4170166666667,873922,1346844,"chrome 134.0.0","false","Windows 10",1536,695,61.73,"Female",21,"Ambidextrous","High school",TRUE,NA,"White","United Kingdom",4,"I found this really fun and engaging especially the first task which really made be have to think about where the bones were and differentiating between the different objects and colours. ",7,7,5.5,6,4,4,NA,NA,NA,NA,"DcfrHzq10042025","DoggoNogoValidation",2025-04-10 12:36:38,2025-04-10 12:44:37,150,2025-04-10 12:36:47,2025-04-10 12:44:37,7.98333333333333,7.88203333333333,0.666666666666667,16.85
"S153",0.04,0,"SONA","DoggoFirst",2024-12-05 17:37:58,20.51795,726224,1200752,"chrome 130.0.0","false","Chrome OS",1536,695,61.32,"Female",21,"Right-handed","High school",TRUE,NA,"White","United Kingdom",2,NA,4,1,10,10,-1,-2,NA,NA,NA,NA,"d8nMWvm05122024","DoggoNogoValidation",2024-12-05 17:39:46,2024-12-05 17:48:19,150,2024-12-05 17:39:56,2024-12-05 17:48:19,8.55,7.9088,NA,NA
"S314",0.04,0.0310077519379845,"SONA","SimpleFirst",2025-04-11 15:35:07,20.8256,55776,495859,"chrome 131.0.0","false","Mac OS",1470,760,61.63,"Female",19,"Right-handed","Bachelor",TRUE,"Psychology, Neuroscience","South Asian","Mozambique",2,NA,4,3,6,10,-2,-2,NA,NA,NA,NA,"Xkwnq2p11042025","DoggoNogoValidation",2025-04-11 15:46:37,2025-04-11 15:55:28,150,2025-04-11 15:46:46,2025-04-11 15:55:28,8.85,7.33471666666667,0.666666666666667,NA
"S195",0,0.01,"SONA","SimpleFirst",2025-03-23 15:56:53,21.0600333333333,69121,504148,"chrome 134.0.0","false","Windows 10",1536,695,122.85,"Female",18,"Right-handed","High school",TRUE,NA,"White","United Kingdom",3,NA,3,5,12,8,0,1,NA,NA,NA,NA,"58uHjRP23032025","DoggoNogoValidation",2025-03-23 16:10:29,2025-03-23 16:17:12,150,2025-03-23 16:10:42,2025-03-23 16:17:12,6.71666666666667,7.25045,0.666666666666667,19.8896666666667
"S311",0.00666666666666667,0.0214285714285714,"SONA","SimpleFirst",2025-04-11 15:12:27,21.5436333333333,77520,525126,"chrome 135.0.0","false","Windows 10",1536,695,147.75,"Female",19,"Right-handed","Doctorate",NA,"Psychology, Neuroscience","White","United Kingdom",2,"dog was bad",2,5,9,6,-3,-1,NA,NA,NA,NA,"ioniew811042025","DoggoNogoValidation",2025-04-11 15:24:02,2025-04-11 15:33:17,150,2025-04-11 15:24:11,2025-04-11 15:33:17,9.25,7.4601,0.777777777777778,9.94014285714286
"S114",0.00666666666666667,0,"SONA","DoggoFirst",2024-12-01 16:26:30,21.22065,713931,1224453,"safari 18.0.0","false","Mac OS",1353,795,60.3,"Female",20,"Left-handed","High school",TRUE,NA,"White","United Kingdom",2,NA,4,1,8,15,0,-3,NA,NA,NA,NA,"OEhZGIq01122024","DoggoNogoValidation",2024-12-01 16:29:59,2024-12-01 16:37:16,150,2024-12-01 16:30:25,2024-12-01 16:37:16,7.28333333333333,8.5087,NA,NA
"S101",0.0533333333333333,0.0283018867924528,"SONA","SimpleFirst",2024-11-28 21:35:30,19.7110166666667,54487,602947,"edge-chromium 131.0.0","false","Windows 10",1192,682,61.09,"Female",20,"Right-handed","High school",TRUE,NA,"White","United Kingdom",2,NA,3,5,10,10,-3,-1,NA,NA,NA,NA,"4cAUy5y28112024","DoggoNogoValidation",2024-11-28 21:47:20,2024-11-28 21:54:30,150,2024-11-28 21:47:30,2024-11-28 21:54:30,7.16666666666667,9.141,NA,NA
"S257",0.0333333333333333,0,"SONA","SimpleFirst",2025-04-07 16:57:48,18.4574833333333,69111,551932,"safari 17.4.1","false","Mac OS",1440,820,60.48,"Female",20,"Right-handed","Bachelor",TRUE,"Psychology, Neuroscience","Middle Eastern/North African","United Kingdom",2,NA,4,3,8,7,-2,-2,NA,NA,NA,NA,"9XpCCnb07042025","DoggoNogoValidation",2025-04-07 17:08:52,2025-04-07 17:15:46,150,2025-04-07 17:09:01,2025-04-07 17:15:46,6.9,8.04701666666667,0.777777777777778,7.17914285714286
"S044",0.0333333333333333,0.0699300699300699,"SONA","SimpleFirst",2024-11-23 17:20:14,23.2175,228659,688820,"edge-chromium 131.0.0","false","Windows 10",1496,877,60.75,"Female",18,"Right-handed","High school",TRUE,NA,"Black","United Kingdom",3,NA,5,5,10,5,0,0,NA,NA,NA,NA,"ThwpzSP23112024","DoggoNogoValidation",2024-11-23 17:32:57,2024-11-23 17:42:49,150,2024-11-23 17:33:08,2024-11-23 17:42:49,9.86666666666667,7.66935,NA,NA
"S155",0,0.0307692307692308,"SONA","SimpleFirst",2024-12-05 21:43:44,18.9968,36392,526287,"edge-chromium 131.0.0","false","Windows 10",1272,641,61.04,"Female",18,"Right-handed","High school",TRUE,NA,"White","United Kingdom",0,NA,0,3,15,10,-4,-4,NA,NA,NA,NA,"Vd9ngzk05122024","DoggoNogoValidation",2024-12-05 21:53:42,2024-12-05 22:02:22,150,2024-12-05 21:53:51,2024-12-05 22:02:22,8.66666666666667,8.16491666666667,NA,NA
"S167",0,0.0165289256198347,"SONA","DoggoFirst",2025-03-10 09:42:27,25.3028166666667,896187,1445445,"chrome 133.0.0","false","Windows 10",1536,695,61.87,"Female",19,"Right-handed","High school",TRUE,NA,"White","United Kingdom",1,NA,3,0,7,10,-1,-3,NA,NA,NA,NA,"rm7zbIj10032025","DoggoNogoValidation",2025-03-10 09:45:21,2025-03-10 09:53:39,150,2025-03-10 09:45:33,2025-03-10 09:53:39,8.3,9.1543,0.555555555555556,12.7832
"S017",0.02,0.0101010101010101,"SONA","SimpleFirst",2024-11-20 17:47:33,31.7144166666667,40396,938453,"safari 18.0.1","false","Mac OS",1280,720,59.7,"Female",19,"Right-handed","High school",TRUE,NA,"White","United Kingdom",2,NA,1,0,10,15,-1,0,NA,NA,NA,NA,"ebxeakP20112024","DoggoNogoValidation",2024-11-20 18:10:34,2024-11-20 18:17:46,150,2024-11-20 18:10:45,2024-11-20 18:17:46,7.2,14.9676166666667,NA,NA
"S118",0.02,0.0495867768595041,"SONA","DoggoFirst",2024-12-02 12:27:55,20.4965,663109,1188760,"safari 16.6.0","false","Mac OS",1194,794,60.79,"Male",20,"Right-handed","High school",TRUE,NA,"Mixed","United Kingdom",4,NA,6,2,7,9,-1,-2,NA,NA,NA,NA,"VGFfkz202122024","DoggoNogoValidation",2024-12-02 12:29:47,2024-12-02 12:38:06,150,2024-12-02 12:29:57,2024-12-02 12:38:06,8.31666666666667,8.76085,NA,NA
"S136",0.00666666666666667,0.016260162601626,"SONA","DoggoFirst",2024-12-04 14:37:09,19.10205,604345,1112009,"edge-chromium 131.0.0","false","Windows 10",1528,738,61.01,"Female",19,"Right-handed","High school",TRUE,NA,"White","United Kingdom",3,NA,7,2,10,10,2,-2,NA,NA,NA,NA,"I7nCxxt04122024","DoggoNogoValidation",2024-12-04 14:38:29,2024-12-04 14:46:35,150,2024-12-04 14:38:38,2024-12-04 14:46:35,8.1,8.46106666666667,NA,NA
"S286",0,0,"SONA","SimpleFirst",2025-04-10 14:25:19,23.0027333333333,63511,610775,"opera 117.0.0","false","Windows 10",1495,710,60.66,"Male",21,"Right-handed","High school",TRUE,NA,"White","United Kingdom",2,NA,3,2,8,8,-1,-1,NA,NA,NA,NA,"wdYuqYD10042025","DoggoNogoValidation",2025-04-10 14:39:39,2025-04-10 14:46:57,150,2025-04-10 14:39:48,2025-04-10 14:46:57,7.3,9.12106666666667,0.333333333333333,17.069
"S186",0.00666666666666667,0.0176991150442478,"SONA","DoggoFirst",2025-03-17 19:11:15,20.1494666666667,753951,1180461,"chrome 134.0.0","false","Windows 10",1280,551,61.65,"Female",18,"Right-handed","High school",TRUE,NA,"White","United Kingdom",2,NA,3,1,7,5,-2,-3,NA,NA,NA,NA,"ayJ3t8m17032025","DoggoNogoValidation",2025-03-17 19:12:30,2025-03-17 19:20:11,150,2025-03-17 19:12:42,2025-03-17 19:20:11,7.68333333333333,7.1085,0.444444444444444,NA
"S214",0.0466666666666667,0.0245901639344262,"SONA","DoggoFirst",2025-03-30 23:28:31,28.2255333333333,1181172,1615112,"chrome 134.0.0","false","Mac OS",1470,832,60.88,"Female",19,"Right-handed","High school",TRUE,NA,"Black","United Kingdom",1,NA,1,0,15,10,-4,-4,NA,NA,NA,NA,"mKlII6r30032025","DoggoNogoValidation",2025-03-30 23:32:21,2025-03-30 23:43:55,150,2025-03-30 23:32:38,2025-03-30 23:43:55,11.5666666666667,7.23233333333333,1,9.34188888888889
"S243",0,0.0170940170940171,"SONA","SimpleFirst",2025-04-05 20:29:26,23.5976333333333,82897,584579,"chrome 134.0.0","false","Mac OS",1470,831,61.06,"Female",20,"Right-handed","High school",TRUE,NA,NA,"United Kingdom",3,NA,5,3,15,11,1,-1,NA,NA,NA,NA,"ksyjquc05042025","DoggoNogoValidation",2025-04-05 20:44:17,2025-04-05 20:52:02,150,2025-04-05 20:44:28,2025-04-05 20:52:02,7.75,8.36136666666667,0.777777777777778,16.9388571428571
"S138",0.0333333333333333,0.00952380952380952,"SONA","SimpleFirst",2024-12-04 15:08:02,26.4854333333333,258432,909926,"safari 17.0.0","false","Mac OS",1440,820,59.58,"Female",19,"Left-handed","High school",TRUE,NA,"White","United Kingdom",3,NA,7,1,10,8.5,4,1,NA,NA,NA,NA,"S7nuF1l04122024","DoggoNogoValidation",2024-12-04 15:24:30,2024-12-04 15:34:02,150,2024-12-04 15:24:39,2024-12-04 15:34:02,9.53333333333333,10.8582333333333,NA,NA
"S081",0,0.00689655172413793,"SONA","SimpleFirst",2024-11-26 20:09:50,25.1164666666667,108655,729418,"safari 18.1.1","false","Mac OS",1194,791,60.3,"Female",20,"Right-handed","Bachelor",TRUE,"other","White","United Kingdom",3,NA,6,5,15,10,1,1,NA,NA,"Psychology Bsc",NA,"SEEuBfE26112024","DoggoNogoValidation",2024-11-26 20:24:18,2024-11-26 20:34:14,150,2024-11-26 20:24:27,2024-11-26 20:34:14,9.93333333333333,10.34605,NA,NA
"S300",0.00666666666666667,0.00943396226415094,"SONA","DoggoFirst",2025-04-11 02:05:18,22.2358333333333,818933,1271758,"chrome 135.0.0","false","Windows 10",1280,559,60.76,"Female",20,"Right-handed","High school",TRUE,NA,"Black","United Kingdom",3,NA,4,2,3.5,6,-2,-3,NA,NA,NA,NA,"xiagTIW11042025","DoggoNogoValidation",2025-04-11 02:07:47,2025-04-11 02:14:53,150,2025-04-11 02:07:59,2025-04-11 02:14:53,7.1,7.54708333333333,0.222222222222222,22.7305
"S035",0.00666666666666667,0.00961538461538462,"SONA","SimpleFirst",2024-11-22 14:10:15,16.23425,31922,476357,"edge-chromium 131.0.0","false","Windows 10",1912,964,59.93,"Male",21,"Ambidextrous","High school",TRUE,NA,"White","United Kingdom",1,NA,0,1,10,10,-4,-2,NA,NA,NA,NA,"P9IzfIF22112024","DoggoNogoValidation",2024-11-22 14:19:00,2024-11-22 14:26:10,150,2024-11-22 14:19:11,2024-11-22 14:26:10,7.16666666666667,7.40725,NA,NA
"S304",0,0.0297029702970297,"SONA","SimpleFirst",2025-04-11 10:05:12,19.8688,50581,522755,"crios 135.0.7049","true","iOS",980,704,57.97,"Female",19,"Right-handed","High school",TRUE,NA,"White","United Kingdom",2,NA,2,1,4,3,-2,-1,NA,NA,NA,NA,"JcWRiDI11042025","DoggoNogoValidation",2025-04-11 10:17:24,2025-04-11 10:24:33,150,2025-04-11 10:17:34,2025-04-11 10:24:33,7.15,7.86956666666667,0.666666666666667,12.1401666666667
"S071",0,0.01,"SONA","SimpleFirst",2024-11-25 19:49:17,20.0827,69147,560996,"safari 16.6.0","false","Mac OS",1329,752,30.2,"Female",22,"Right-handed","High school",TRUE,NA,"White","United Kingdom",4,"loved it",7,3,4,7,4,-1,NA,NA,NA,NA,"4JwBTXR25112024","DoggoNogoValidation",2024-11-25 20:00:42,2024-11-25 20:07:35,150,2024-11-25 20:00:58,2024-11-25 20:07:35,6.88333333333333,8.19748333333333,NA,NA
"S055",0.0133333333333333,0.00934579439252336,"SONA","DoggoFirst",2024-11-24 20:45:41,19.7615833333333,599232,1132291,"edge-chromium 131.0.0","false","Windows 10",1432,774,60.85,"Female",20,"Right-handed","Bachelor",TRUE,"Psychology, Neuroscience","White","United Kingdom",3,NA,4,2,10,10,-2,-2,NA,NA,NA,NA,"J5x4Jle24112024","DoggoNogoValidation",2024-11-24 20:47:03,2024-11-24 20:54:16,150,2024-11-24 20:47:12,2024-11-24 20:54:16,7.21666666666667,8.88431666666667,NA,NA
"S263",0.126666666666667,0.0517241379310345,"SONA","SimpleFirst",2025-04-08 17:08:31,27.6218166666667,200053,710172,"edge-chromium 135.0.0","false","Windows 10",1528,800,60.8,"Female",18,"Right-handed","High school",TRUE,NA,"White","United Kingdom",3,NA,7,5,25,22,2,2,NA,NA,NA,NA,"MbqhzEP08042025","DoggoNogoValidation",2025-04-08 17:26:54,2025-04-08 17:34:51,150,2025-04-08 17:27:04,2025-04-08 17:34:51,7.95,8.50198333333333,0.444444444444444,20.57025
"S062",0.0733333333333333,0.032,"SONA","SimpleFirst",2024-11-25 13:54:50,20.97785,70950,544624,"safari 16.4.0","false","Mac OS",1280,720,30.14,"Female",20,"Right-handed","High school",TRUE,NA,"Black","United Kingdom",2,NA,4,2,15,15,-4,-1,NA,NA,NA,NA,"IT72mNP25112024","DoggoNogoValidation",2024-11-25 14:05:58,2024-11-25 14:14:36,150,2024-11-25 14:06:08,2024-11-25 14:14:36,8.63333333333333,7.89456666666667,NA,NA
"S293",0,0.027027027027027,"SONA","SimpleFirst",2025-04-10 19:12:35,40.9863333333333,129735,1588628,"safari 18.4.0","false","Mac OS",1440,820,58.08,"Female",20,"Right-handed","Bachelor",TRUE,"Psychology, Neuroscience","White","United Kingdom",4,NA,4,7,5,1.5,0,1,NA,NA,NA,NA,"xUP047o10042025","DoggoNogoValidation",2025-04-10 19:44:52,2025-04-10 19:52:46,150,2025-04-10 19:45:02,2025-04-10 19:52:46,7.9,24.3148833333333,0.444444444444444,22.25225
"S164",0,0.0151515151515152,"SONA","DoggoFirst",2025-03-07 21:54:36,24.7643166666667,922451,1434872,"edge-chromium 133.0.0","false","Windows 10",1528,784,61.8,"Female",21,"Right-handed","High school",TRUE,NA,"White","United Kingdom",3,NA,3,1,15,10,0,-2,NA,NA,NA,NA,"iRwjkss07032025","DoggoNogoValidation",2025-03-07 21:56:25,2025-03-07 22:05:25,150,2025-03-07 21:56:46,2025-03-07 22:05:25,9,8.54035,0.444444444444444,22.42425
"S297",0.0266666666666667,0.0194174757281553,"SONA","DoggoFirst",2025-04-10 21:44:14,57.72825,2815199,3438863,"safari 17.6.0","false","Mac OS",1440,820,30.4,"Male",20,"Right-handed","Bachelor",TRUE,"Psychology, Neuroscience","Southeast Asian","United Kingdom",4,NA,5,2,10,15,-1,-2,NA,NA,NA,NA,"ILAlACH10042025","DoggoNogoValidation",2025-04-10 22:22:28,2025-04-10 22:29:25,150,2025-04-10 22:22:38,2025-04-10 22:29:25,6.95,10.3944,0.888888888888889,6.714875
"S241",0,0.0504201680672269,"SONA","SimpleFirst",2025-04-04 15:56:46,21.36635,42824,622893,"edge-chromium 134.0.0","false","Windows 10",1272,594,59.09,"Female",21,"Right-handed","High school",TRUE,NA,"White","United Kingdom",2,NA,3,1,15,10,-4,-4,NA,NA,NA,NA,"uPabxep04042025","DoggoNogoValidation",2025-04-04 16:09:48,2025-04-04 16:17:34,150,2025-04-04 16:09:57,2025-04-04 16:17:34,7.76666666666667,9.66781666666667,0.888888888888889,9.4625
"S240",0.00666666666666667,0.0104166666666667,"SONA","SimpleFirst",2025-04-04 15:28:07,21.08425,112002,588122,"chrome 134.0.0","false","Chrome OS",1536,730,61.68,"Female",19,"Right-handed","High school",TRUE,NA,"White","United Kingdom",2,NA,3,4,7,5,-1,1,NA,NA,NA,NA,"kFq4D7D04042025","DoggoNogoValidation",2025-04-04 15:41:46,2025-04-04 15:48:13,150,2025-04-04 15:41:58,2025-04-04 15:48:13,6.45,7.93533333333333,0.444444444444444,11.332
"S177",0.0133333333333333,0.0172413793103448,"SONA","DoggoFirst",2025-03-14 12:53:17,4458.94248333333,267073487,267495040,"safari 17.2.1","false","Mac OS",1440,820,30.29,"Male",19,"Right-handed","High school",TRUE,NA,"White","United Kingdom",3,NA,5,3,8,6,-1,0,NA,NA,NA,NA,"7DSgoer17032025","DoggoNogoValidation",2025-03-17 14:54:14,2025-03-17 15:02:12,150,2025-03-17 14:54:24,2025-03-17 15:02:12,7.96666666666667,7.02588333333333,0.444444444444444,6.6675
"S262",0.00666666666666667,0,"SONA","DoggoFirst",2025-04-08 15:02:06,26.0266,923982,1542951,"chrome 135.0.0","false","Mac OS",1440,778,61.5,"Female",19,"Left-handed","High school",TRUE,NA,"White","United Kingdom",0,NA,3,0,10,10,-2,-4,NA,NA,NA,NA,"L4i580v08042025","DoggoNogoValidation",2025-04-08 15:04:45,2025-04-08 15:13:06,150,2025-04-08 15:04:57,2025-04-08 15:13:06,8.35,10.31615,0.555555555555556,22.4632
"S131",0.00666666666666667,0.0260869565217391,"SONA","DoggoFirst",2024-12-03 15:25:10,17.2835333333333,570789,1020550,"safari 16.5.0","false","Mac OS",971,752,30,"Female",19,"Right-handed","High school",TRUE,NA,"Mixed","United Kingdom",2,NA,5,1,4.2,5.7,-4,-4,NA,NA,NA,NA,"OfrutZN03122024","DoggoNogoValidation",2024-12-03 15:26:27,2024-12-03 15:33:52,150,2024-12-03 15:26:37,2024-12-03 15:33:52,7.41666666666667,7.49601666666667,NA,NA
"S042",0.12,0.0330578512396694,"SONA","SimpleFirst",2024-11-23 12:24:20,22.8330333333333,58706,669687,"chrome 130.0.0","false","Mac OS",1073,736,61.43,"Female",19,"Left-handed","High school",TRUE,NA,"White","United Kingdom",2,NA,3,4,9,7,-3,-2,NA,NA,NA,NA,"YJb38IA23112024","DoggoNogoValidation",2024-11-23 12:37:37,2024-11-23 12:46:18,150,2024-11-23 12:37:48,2024-11-23 12:46:18,8.68333333333333,10.1830166666667,NA,NA
"S228",0,0.0416666666666667,"SONA","SimpleFirst",2025-04-01 11:29:57,20.07915,32798,476235,"chrome 132.0.0","false","Mac OS",1454,782,60.27,"Female",19,"Right-handed","High school",TRUE,NA,"White","United Kingdom",1,NA,1,0,15,10,-2,-3,NA,NA,NA,NA,"TpHc2d501042025","DoggoNogoValidation",2025-04-01 11:41:52,2025-04-01 11:49:37,150,2025-04-01 11:42:02,2025-04-01 11:49:37,7.75,7.39061666666667,0.555555555555556,20.4914
"S150",0.0266666666666667,0.0416666666666667,"SONA","SimpleFirst",2024-12-05 14:27:33,20.31025,58436,583286,"chrome 131.0.0","false","Windows 10",1536,695,60.75,"Female",19,"Right-handed","High school",TRUE,NA,"White","United Kingdom",4,NA,3,6,10,3,-2,1,NA,NA,NA,NA,"Gh4dWfY05122024","DoggoNogoValidation",2024-12-05 14:39:04,2024-12-05 14:47:08,150,2024-12-05 14:39:15,2024-12-05 14:47:08,8.06666666666667,8.7475,NA,NA
"S060",0,0,"SONA","SimpleFirst",2024-11-25 13:05:02,26.19595,324822,849850,"edge-chromium 131.0.0","false","Windows 10",1272,594,61.55,"Female",20,"Right-handed","High school",TRUE,NA,"White","United Kingdom",3,"the first task felt easier as the background was plain but more boring. The second task felt harder as the background was distracting and it meant i kept missing it so got bored quicker",4,4,10,6,-2,-1,NA,NA,NA,NA,"iQNggxP25112024","DoggoNogoValidation",2024-11-25 13:20:49,2024-11-25 13:29:26,150,2024-11-25 13:20:59,2024-11-25 13:29:26,8.61666666666667,8.75046666666667,NA,NA
"S232",0.0266666666666667,0.027027027027027,"SONA","DoggoFirst",2025-04-02 01:30:05,23.0705333333333,898423,1332096,"edge-chromium 134.0.0","false","Windows 10",1528,738,61.48,"Female",18,"Right-handed","High school",TRUE,NA,"White","United Kingdom",4,NA,3,2,9,8,-1,-2,NA,NA,NA,NA,"ACydEWb02042025","DoggoNogoValidation",2025-04-02 01:32:52,2025-04-02 01:40:35,150,2025-04-02 01:33:02,2025-04-02 01:40:35,7.71666666666667,7.22788333333333,0.444444444444444,25.14175
"S292",0,0.0373134328358209,"SONA","DoggoFirst",2025-04-10 18:56:56,20.7774333333333,758618,1213462,"edge-chromium 135.0.0","false","Windows 10",1528,738,61.6,"Female",18,"Right-handed","Bachelor",TRUE,"Psychology, Neuroscience","Black","United Kingdom",4,"this was really fun thanks lol",5,4,10,10,-4,-2,NA,NA,NA,NA,"GbMHwAV10042025","DoggoNogoValidation",2025-04-10 18:58:48,2025-04-10 19:07:28,150,2025-04-10 18:58:59,2025-04-10 19:07:28,8.66666666666667,7.58073333333333,0.777777777777778,5.10785714285714
"S190",0.04,0.0303030303030303,"SONA","DoggoFirst",2025-03-21 09:28:35,31.6318166666667,1418775,1877155,"chrome 134.0.0","false","Windows 10",1368,751,61.19,"Female",19,"Right-handed","High school",TRUE,NA,"White","United Kingdom",2,NA,3,2,10,8,0,-1,NA,NA,NA,NA,"RkFRmD921032025","DoggoNogoValidation",2025-03-21 09:30:12,2025-03-21 09:38:55,150,2025-03-21 09:30:23,2025-03-21 09:38:55,8.71666666666667,7.63966666666667,0.888888888888889,10.94725
"S295",0,0.036231884057971,"SONA","SimpleFirst",2025-04-10 20:55:01,24.32155,65211,645020,"chrome 135.0.0","false","Windows 10",1536,695,30.42,"Female",20,"Right-handed","High school",TRUE,NA,"White","United Kingdom",2,NA,2,2,15,15,-4,-2,NA,NA,NA,NA,"svI6RBi10042025","DoggoNogoValidation",2025-04-10 21:09:28,2025-04-10 21:18:42,150,2025-04-10 21:09:38,2025-04-10 21:18:42,9.23333333333333,9.66348333333333,0.777777777777778,13.5357142857143
"S151",0.04,0.0694444444444444,"SONA","SimpleFirst",2024-12-05 15:36:17,20.76935,41260,493010,"chrome 131.0.0","false","Mac OS",1680,928,60.02,"Male",23,"Right-handed","High school",TRUE,NA,"Southeast Asian","United Kingdom",3,NA,4,7,20,12,0,0,NA,NA,NA,NA,"9aN60nk05122024","DoggoNogoValidation",2024-12-05 15:46:35,2024-12-05 15:56:40,150,2024-12-05 15:46:48,2024-12-05 15:56:40,10.0833333333333,7.52916666666667,NA,NA
"S199",0.0866666666666667,0.00854700854700855,"SONA","SimpleFirst",2025-03-25 17:02:47,20.4382666666667,101122,539183,"chrome 134.0.0","false","Windows 10",1536,730,61.67,"Male",20,"Right-handed","High school",TRUE,NA,"White","United Kingdom",2,"None",6,0,5,8,2,-2,NA,NA,NA,NA,"JkoCN7f25032025","DoggoNogoValidation",2025-03-25 17:14:17,2025-03-25 17:22:23,150,2025-03-25 17:14:26,2025-03-25 17:22:23,8.1,7.30101666666667,0.444444444444444,7.95025
"S264",0.0266666666666667,0.00900900900900901,"SONA","SimpleFirst",2025-04-08 17:09:56,29.7368666666667,58890,642636,"edge-chromium 135.0.0","false","Windows 10",1272,594,59.08,"Female",20,"Right-handed","High school",TRUE,NA,"White","United Kingdom",2,NA,4,1,7,10,-1,-2,NA,NA,NA,NA,"aw7kZwt08042025","DoggoNogoValidation",2025-04-08 17:25:42,2025-04-08 17:33:16,150,2025-04-08 17:25:51,2025-04-08 17:33:16,7.56666666666667,9.7291,0.555555555555556,22.4142
"S064",0,0,"SONA","DoggoFirst",2024-11-25 14:46:30,18.9200166666667,665459,1083274,"chrome 130.0.0","false","Mac OS",1440,812,61.82,"Male",20,"Right-handed","High school",TRUE,NA,"White","United Kingdom",1,NA,2,0,8,9,-3,-3,NA,NA,NA,NA,"8tbkOFX25112024","DoggoNogoValidation",2024-11-25 14:48:48,2024-11-25 14:56:31,150,2024-11-25 14:48:58,2024-11-25 14:56:31,7.71666666666667,6.96358333333333,NA,NA
"S299",0.00666666666666667,0.0236220472440945,"SONA","DoggoFirst",2025-04-11 01:28:46,20.9806,808401,1241781,"opera 117.0.0","false","Windows 10",1879,957,61.44,"Male",20,"Ambidextrous","Bachelor",TRUE,"Psychology, Neuroscience","White","United Kingdom",2,NA,2,0,10,10,-3,0,NA,NA,NA,NA,"5mueqSB11042025","DoggoNogoValidation",2025-04-11 01:30:51,2025-04-11 01:39:33,150,2025-04-11 01:31:01,2025-04-11 01:39:33,8.7,7.223,0.666666666666667,12.7696666666667
"S054",0.00666666666666667,0.0155038759689922,"SONA","SimpleFirst",2024-11-24 20:10:12,19.1978,60874,505486,"safari 16.5.0","false","Mac OS",1470,840,60.18,"Female",20,"Right-handed","High school",TRUE,NA,"White","United Kingdom",2,NA,4,2,7.5,6,-1,-1,NA,NA,NA,NA,"uEqG2Zv24112024","DoggoNogoValidation",2024-11-24 20:20:30,2024-11-24 20:28:57,150,2024-11-24 20:20:40,2024-11-24 20:28:57,8.45,7.4102,NA,NA
"S159",0.02,0.0487804878048781,"SONA","SimpleFirst",2024-12-06 13:03:40,20.2588333333333,45190,493391,"chrome 130.0.0","false","Windows 10",1280,609,61.25,"Female",20,"Right-handed","High school",TRUE,NA,"White","United Kingdom",3,NA,5,1,15,10,1,0,NA,NA,NA,NA,"wnIiOUQ06122024","DoggoNogoValidation",2024-12-06 13:14:46,2024-12-06 13:23:17,150,2024-12-06 13:15:07,2024-12-06 13:23:17,8.51666666666667,7.47001666666667,NA,NA
"S246",0.00666666666666667,0.0136054421768707,"SONA","SimpleFirst",2025-04-06 16:11:29,23.4881,69178,558309,"chrome 134.0.0","false","Windows 10",1280,678,61.44,"Female",18,"Right-handed","High school",TRUE,NA,"White","United Kingdom",2,NA,1,5,15,10,-4,-1,NA,NA,NA,NA,"qQwxZXB06042025","DoggoNogoValidation",2025-04-06 16:24:40,2025-04-06 16:34:43,150,2025-04-06 16:24:49,2025-04-06 16:34:43,10.05,8.15218333333333,0.111111111111111,22.583
"S266",0,0.008,"SONA","DoggoFirst",2025-04-08 21:50:55,22.6694166666667,828868,1303197,"edge-chromium 134.0.0","false","Windows 10",1272,674,59.95,"Female",19,"Left-handed","High school",TRUE,NA,"White","United Kingdom",2,NA,2,1,10,8,-1,-3,NA,NA,NA,NA,"Ym22ybC08042025","DoggoNogoValidation",2025-04-08 21:52:58,2025-04-08 22:01:31,150,2025-04-08 21:53:11,2025-04-08 22:01:31,8.55,7.90548333333333,0.666666666666667,18.5225
"S198",0.04,0.0347222222222222,"SONA","DoggoFirst",2025-03-24 11:37:43,21.1217333333333,784039,1238225,"edge-chromium 134.0.0","false","Windows 10",1528,738,61.27,"Female",21,"Right-handed","High school",TRUE,NA,"White","United Kingdom",3,NA,5,4,7.1,6,1,0,NA,NA,NA,NA,"Qul90sl24032025","DoggoNogoValidation",2025-03-24 11:39:00,2025-03-24 11:48:40,150,2025-03-24 11:39:09,2025-03-24 11:48:39,9.66666666666667,7.56976666666667,0.888888888888889,7.44125
"S006",0.0133333333333333,0,"SONA","DoggoFirst",2024-11-19 17:18:18,26.312,828709,1533273,"chrome 130.0.0","false","Mac OS",1440,812,61.46,"Female",18,"Right-handed","Doctorate",NA,"Psychology, Neuroscience","White","United Kingdom",4,NA,5,3,10,15,0,2,NA,NA,NA,NA,"VvULTjk19112024","DoggoNogoValidation",2024-11-19 17:21:16,2024-11-19 17:30:17,150,2024-11-19 17:21:30,2024-11-19 17:30:17,9.01666666666667,11.7427333333333,NA,NA
"S024",0.00666666666666667,0.00900900900900901,"SONA","DoggoFirst",2024-11-21 14:22:28,25.6437333333333,1050357,1513471,"chrome 131.0.0","false","Windows 10",1536,730,61.41,"Female",19,"Right-handed","High school",TRUE,NA,"East Asian","United Kingdom",4,NA,4,3,7,10,-1,0,NA,NA,NA,NA,"cUANzyd21112024","DoggoNogoValidation",2024-11-21 14:24:13,2024-11-21 14:39:05,150,2024-11-21 14:24:22,2024-11-21 14:39:05,14.8666666666667,7.71856666666667,NA,NA
"S219",0.02,0.0143884892086331,"SONA","DoggoFirst",2025-03-31 14:11:47,22.0407666666667,820097,1303411,"safari 17.4.1","false","Mac OS",1440,820,59.94,"Female",19,"Right-handed","High school",TRUE,NA,"White","United Kingdom",3,NA,5,2,13,5,0,-1,NA,NA,NA,NA,"Fq3r3S231032025","DoggoNogoValidation",2025-03-31 14:13:39,2025-03-31 14:22:49,150,2025-03-31 14:13:48,2025-03-31 14:22:48,9.16666666666667,8.05523333333333,0.888888888888889,10.076375
"S004",0.00666666666666667,0.00909090909090909,"SONA","SimpleFirst",2024-11-19 16:54:03,51.1301833333333,131148,1982688,"firefox 132.0.0","false","Windows 10",1280,649,60.73,"Male",18,"Left-handed","Bachelor",TRUE,"Psychology, Neuroscience","White","United Kingdom",4,NA,7,7,10,20,1,1,NA,NA,NA,NA,"zkVthHf19112024","DoggoNogoValidation",2024-11-19 17:36:44,2024-11-19 17:44:24,150,2024-11-19 17:36:54,2024-11-19 17:44:24,7.66666666666667,30.859,NA,NA
"S256",0.04,0,"SONA","DoggoFirst",2025-04-07 15:06:17,19.05645,625440,1093442,"opera 117.0.0","false","Windows 10",1409,657,60.79,"Male",19,"Right-handed","High school",TRUE,NA,"White","United Kingdom",2,NA,1,1,10,8,-2,-3,NA,NA,NA,NA,"JOwRGgV07042025","DoggoNogoValidation",2025-04-07 15:07:50,2025-04-07 15:14:42,150,2025-04-07 15:08:00,2025-04-07 15:14:42,6.86666666666667,7.80003333333333,0.888888888888889,7.465875
"S046",0.02,0.0256410256410256,"SONA","SimpleFirst",2024-11-23 18:36:01,23.9301,151732,880683,"edge-chromium 131.0.0","false","Windows 10",1912,1000,60.75,"Male",18,"Right-handed","Bachelor",TRUE,"Psychology, Neuroscience","White","United Kingdom",1,NA,0,0,10,10,-4,-3,NA,NA,NA,NA,"3iDiYty23112024","DoggoNogoValidation",2024-11-23 18:51:35,2024-11-23 18:59:25,150,2024-11-23 18:51:45,2024-11-23 18:59:25,7.83333333333333,12.1491833333333,NA,NA
"S132",1,0.0654205607476635,"SONA","SimpleFirst",2024-12-03 21:52:16,23.8880666666667,60605,873372,"edge-chromium 131.0.0","false","Windows 10",1272,560,61.27,"Female",20,"Right-handed","Bachelor",TRUE,"Psychology, Neuroscience","Black","United Kingdom",2,NA,7,1,10,15,1,-3,NA,NA,NA,NA,"iPEkaQb03122024","DoggoNogoValidation",2024-12-03 22:08:23,2024-12-03 22:15:33,150,2024-12-03 22:08:41,2024-12-03 22:15:33,7.16666666666667,13.5461166666667,NA,NA
"S276",0,0.0078125,"SONA","DoggoFirst",2025-04-09 23:55:40,24.28865,922976,1360309,"safari 18.3.1","false","Mac OS",1180,777,60.67,"Female",19,"Right-handed","Bachelor",TRUE,"Psychology, Neuroscience","Mixed","United Kingdom",4,NA,5,5,8,6,-1,1,NA,NA,NA,NA,"yPct4ls09042025","DoggoNogoValidation",2025-04-09 23:57:44,2025-04-10 00:06:36,150,2025-04-09 23:57:58,2025-04-10 00:06:36,8.86666666666667,7.28888333333333,0.333333333333333,NA
"S085",0,0.00909090909090909,"SONA","SimpleFirst",2024-11-27 07:56:59,26.4125,142097,935935,"edge-chromium 131.0.0","false","Windows 10",1514,724,60.23,"Male",19,"Right-handed","High school",TRUE,NA,"White","United Kingdom",2,NA,3,4,15,10,-2,0,NA,NA,NA,NA,"lKrlNGl27112024","DoggoNogoValidation",2024-11-27 08:14:46,2024-11-27 08:22:23,150,2024-11-27 08:14:57,2024-11-27 08:22:23,7.61666666666667,13.2306333333333,NA,NA
"S273",0,0.0112359550561798,"SONA","DoggoFirst",2025-04-09 18:03:19,25.2073333333333,901147,1465503,"edge-chromium 135.0.0","false","Windows 10",1272,594,61.41,"Female",21,"Ambidextrous","Other",NA,NA,"White","United Kingdom",3,NA,4,3,7,10,0,-2,NA,"College A-levels",NA,NA,"YkPcuET09042025","DoggoNogoValidation",2025-04-09 18:06:00,2025-04-09 18:13:26,150,2025-04-09 18:06:12,2025-04-09 18:13:26,7.43333333333333,9.40593333333333,0.555555555555556,NA
"S103",0,0.0148148148148148,"SONA","DoggoFirst",2024-11-29 11:16:19,29.6688,1268250,1707237,"edge-chromium 131.0.0","false","Windows 10",1108,568,61.72,"Female",18,"Right-handed","High school",TRUE,NA,"White","United Kingdom",3,NA,6,5,7,8,1,0,NA,NA,NA,NA,"kF0IDqI29112024","DoggoNogoValidation",2024-11-29 11:18:16,2024-11-29 11:29:40,150,2024-11-29 11:18:45,2024-11-29 11:29:40,11.4,7.31645,NA,NA
"S073",0,0.029126213592233,"SONA","DoggoFirst",2024-11-26 00:20:50,18.8302833333333,639761,1076748,"safari 18.1.0","false","Mac OS",1470,840,60.36,"Female",19,"Right-handed","High school",TRUE,NA,"Mixed","United Kingdom",2,NA,4,0,10,12,0,-4,NA,NA,NA,NA,"lq4TgWF26112024","DoggoNogoValidation",2024-11-26 00:23:07,2024-11-26 00:30:04,150,2024-11-26 00:23:20,2024-11-26 00:30:03,6.95,7.28311666666667,NA,NA
"S259",0.0133333333333333,0.0393700787401575,"SONA","DoggoFirst",2025-04-08 07:24:47,21.5769333333333,832899,1272294,"safari 18.3.1","false","Mac OS",1440,820,60.98,"Female",20,"Left-handed","High school",TRUE,NA,"White","Switzerland",2,NA,5,1,10,15,0,-2,NA,NA,NA,NA,"nwwjxO708042025","DoggoNogoValidation",2025-04-08 07:26:42,2025-04-08 07:35:05,150,2025-04-08 07:26:52,2025-04-08 07:35:05,8.38333333333333,7.32325,0.666666666666667,NA
"S310",0.00666666666666667,0,"SONA","SimpleFirst",2025-04-11 14:37:32,27.3246833333333,122972,800192,"edge-chromium 135.0.0","false","Windows 10",1272,594,61.74,"Female",20,"Right-handed","High school",TRUE,NA,"White","United Kingdom",2,NA,4,2,8,15,0,0,NA,NA,NA,NA,"SeeC36Z11042025","DoggoNogoValidation",2025-04-11 14:56:04,2025-04-11 15:03:49,150,2025-04-11 14:56:13,2025-04-11 15:03:49,7.75,11.287,0.444444444444444,NA
"S220",0.00666666666666667,0.0145985401459854,"SONA","SimpleFirst",2025-03-31 16:33:03,23.9384833333333,80941,579825,"chrome 134.0.0","false","Windows 10",1280,559,61.02,"Female",20,"Right-handed","High school",TRUE,NA,"White","United Kingdom",1,"I don't know whether it is my imagination but I clicked the down arrow the same speed on the bone game and sometimes it gave me the bone and other times it didn't. Don't know if it is supposed to do this or not.",2,0,8,4,-1,-3,NA,NA,NA,NA,"CQQlawW31032025","DoggoNogoValidation",2025-03-31 16:46:15,2025-03-31 16:55:14,150,2025-03-31 16:46:25,2025-03-31 16:55:14,8.98333333333333,8.31473333333333,0.666666666666667,NA
"S104",0.06,0.0265486725663717,"SONA","DoggoFirst",2024-11-29 11:45:29,20.1152166666667,633598,1192877,"chrome 131.0.0","false","Mac OS",1440,778,61.59,"Female",18,"Left-handed","High school",TRUE,NA,"White","United Kingdom",1,NA,3,2,15,10,-2,-2,NA,NA,NA,NA,"Mik0laV29112024","DoggoNogoValidation",2024-11-29 11:46:20,2024-11-29 11:55:17,150,2024-11-29 11:46:32,2024-11-29 11:55:17,8.95,9.32131666666667,NA,NA
"S233",0,0.0192307692307692,"SONA","SimpleFirst",2025-04-02 17:20:52,27.79655,50918,892453,"chrome 134.0.0","false","Windows 10",1280,632,61.32,"Male",19,"Right-handed","High school",TRUE,NA,"White","United Kingdom",0,"I HATE THAT STUPID dog

in all seriousness don't use ai images it's lazy and cringe, i'd rather an ms paint drawing of a prison than some openAI bullshit <3",0,2,20,15,-4,0,NA,NA,NA,NA,"oxPgZvV02042025","DoggoNogoValidation",2025-04-02 17:40:13,2025-04-02 17:47:31,150,2025-04-02 17:40:29,2025-04-02 17:47:31,7.3,14.0255833333333,0.444444444444444,14.48675
"S043",0.0133333333333333,0.0181818181818182,"SONA","DoggoFirst",2024-11-23 15:01:47,18.2462333333333,606690,1072290,"chrome 131.0.0","false","Windows 10",1536,730,61.43,"Female",20,"Right-handed","Bachelor",TRUE,"Psychology, Neuroscience","White","United Kingdom",3,NA,5,1,10,10,0,-3,NA,NA,NA,NA,"70tUOUM23112024","DoggoNogoValidation",2024-11-23 15:03:28,2024-11-23 15:11:11,150,2024-11-23 15:03:39,2024-11-23 15:11:11,7.71666666666667,7.76,NA,NA
"S032",0.886666666666667,0.0168067226890756,"SONA","SimpleFirst",2024-11-22 09:53:30,21.7717,41941,581517,"chrome 131.0.0","false","Windows 10",1536,730,60.05,"Female",53,"Left-handed","High school",TRUE,NA,"Mixed","United Kingdom",2,"I was distracted by the thought that dogs do not eat bones to gain weight.",4,0,15,10,0,-1,NA,NA,NA,NA,"AMmpuKy22112024","DoggoNogoValidation",2024-11-22 10:04:45,2024-11-22 10:13:14,150,2024-11-22 10:05:00,2024-11-22 10:13:14,8.48333333333333,8.99293333333333,NA,NA
"S047",0.00666666666666667,0.0192307692307692,"SONA","DoggoFirst",2024-11-24 03:14:47,17.3103333333333,567966,1010159,"safari 17.2.1","false","Mac OS",1512,865,59.7,"Male",19,"Right-handed","Bachelor",TRUE,"Psychology, Neuroscience","White","United Kingdom",3,NA,4,2,10,10,1,-1,NA,NA,NA,NA,"jRAuC8k24112024","DoggoNogoValidation",2024-11-24 03:16:36,2024-11-24 03:23:36,150,2024-11-24 03:16:46,2024-11-24 03:23:35,7,7.36988333333333,NA,NA
"S171",0.04,0.0166666666666667,"SONA","SimpleFirst",2025-03-10 20:35:12,23.3525833333333,54054,745535,"edge-chromium 134.0.0","false","Windows 10",1272,560,61.15,"Female",20,"Right-handed","High school",TRUE,NA,"Black","United Kingdom",2,NA,4,2,5,10,-4,-1,NA,NA,NA,NA,"F6sVJcd10032025","DoggoNogoValidation",2025-03-10 20:49:55,2025-03-10 20:58:09,150,2025-03-10 20:50:04,2025-03-10 20:58:09,8.23333333333333,11.5246833333333,0.666666666666667,6.15983333333333
"S309",0.00666666666666667,0.0235849056603774,"SONA","SimpleFirst",2025-04-11 14:05:08,29.1861833333333,117537,594355,"chrome 135.0.0","false","Windows 10",1536,695,145.7,"Female",20,"Right-handed","High school",TRUE,NA,"White","United Kingdom",3,NA,5,3,15,12,1,-1,NA,NA,NA,NA,"UBVvFqN11042025","DoggoNogoValidation",2025-04-11 14:19:38,2025-04-11 14:33:37,150,2025-04-11 14:19:48,2025-04-11 14:33:37,13.9833333333333,7.94696666666667,0.333333333333333,26.7743333333333
"S109",0.08,0.00806451612903226,"SONA","SimpleFirst",2024-11-29 21:34:04,20.26055,106699,562696,"safari 16.6.0","false","Mac OS",1710,989,60.36,"Female",19,"Right-handed","High school",TRUE,NA,"White","United Kingdom",4,NA,4,2,10,7,-3,-2,NA,NA,NA,NA,"lx1RbLi29112024","DoggoNogoValidation",2024-11-29 21:45:00,2024-11-29 21:53:48,150,2024-11-29 21:45:09,2024-11-29 21:53:48,8.8,7.59995,NA,NA
"S191",0.08,0.0364963503649635,"SONA","DoggoFirst",2025-03-21 21:00:23,20.6854833333333,742895,1218466,"chrome 116.0.0","false","Mac OS",1440,783,61.08,"Female",18,"Right-handed","High school",TRUE,NA,"Middle Eastern/North African","United Kingdom",2,NA,3,0,15,10,-4,-4,NA,NA,NA,NA,"4sBZujr21032025","DoggoNogoValidation",2025-03-21 21:01:39,2025-03-21 21:10:30,150,2025-03-21 21:01:49,2025-03-21 21:10:30,8.85,7.92618333333333,0.666666666666667,9.22683333333333
"S065",0,0,"SONA","SimpleFirst",2024-11-25 15:56:29,22.6991833333333,107016,708860,"edge-chromium 131.0.0","false","Windows 10",1358,650,61.2,"Female",22,"Right-handed","High school",TRUE,NA,"White","United Kingdom",4,NA,5,4,10,15,2,1,NA,NA,NA,NA,"xjBjpLL25112024","DoggoNogoValidation",2024-11-25 16:10:24,2024-11-25 16:18:21,150,2024-11-25 16:10:33,2024-11-25 16:18:21,7.95,10.0307333333333,NA,NA
"S115",0.0533333333333333,0.019047619047619,"SONA","SimpleFirst",2024-12-01 18:50:52,17.0767,63174,509854,"safari 15.6.1","false","Mac OS",1279,749,60.36,"Female",20,"Right-handed","Bachelor",TRUE,"Psychology, Neuroscience","White","United Kingdom",4,NA,2,2,10,10,-3,-1,NA,NA,NA,NA,"SSvZUWL01122024","DoggoNogoValidation",2024-12-01 19:00:18,2024-12-01 19:07:36,150,2024-12-01 19:00:27,2024-12-01 19:07:36,7.3,7.44466666666667,NA,NA
"S163",0.00666666666666667,0.0152671755725191,"SONA","DoggoFirst",2025-03-06 13:07:59,25.3695666666667,916780,1461244,"chrome 122.0.0","false","Windows 10",1536,838,61.85,"Female",20,"Right-handed","High school",TRUE,NA,"White","United Kingdom",3,"I really liked the game aspect of this study ",6,2,5,15,2,-1,NA,NA,NA,NA,"FJmgrHX06032025","DoggoNogoValidation",2025-03-06 13:10:03,2025-03-06 13:19:04,150,2025-03-06 13:10:13,2025-03-06 13:19:04,9.01666666666667,9.0744,0.555555555555556,6.8986
"S112",0.02,0.00869565217391304,"SONA","DoggoFirst",2024-11-30 23:00:16,20.2354166666667,688621,1174639,"edge-chromium 131.0.0","false","Windows 10",1272,674,61.21,"Female",20,"Right-handed","High school",TRUE,NA,"Mixed","United Kingdom",1,NA,4,0,5,10,-1,-4,NA,NA,NA,NA,"G0jbdXa30112024","DoggoNogoValidation",2024-11-30 23:02:48,2024-11-30 23:10:51,150,2024-11-30 23:03:00,2024-11-30 23:10:51,8.05,8.1003,NA,NA
"S098",0.0866666666666667,0.0510948905109489,"SONA","DoggoFirst",2024-11-28 15:12:08,108.38545,5729301,6471039,"safari 16.5.2","false","Mac OS",1512,865,53,"Female",20,"Right-handed","Bachelor",TRUE,"Psychology, Neuroscience","White","United Kingdom",0,NA,3,0,10,4,-3,-3,NA,NA,NA,NA,"z4qdVSx28112024","DoggoNogoValidation",2024-11-28 15:14:08,2024-11-28 16:42:35,150,2024-11-28 15:14:17,2024-11-28 16:42:35,88.45,12.3623,NA,NA
"S040",0.00666666666666667,0.00980392156862745,"SONA","DoggoFirst",2024-11-23 00:51:36,18.1704166666667,614171,1052142,"safari 17.0.0","false","Mac OS",1328,738,59.7,"Female",19,"Right-handed","High school",TRUE,NA,"White","United Kingdom",3,NA,5,2,12,10,1,-1,NA,NA,NA,NA,"WB81Ld223112024","DoggoNogoValidation",2024-11-23 00:53:07,2024-11-23 01:00:04,150,2024-11-23 00:53:17,2024-11-23 01:00:04,6.95,7.29951666666667,NA,NA
"S208",0.0266666666666667,0.0234375,"SONA","DoggoFirst",2025-03-28 18:23:52,20.8058666666667,745967,1218763,"firefox 136.0.0","false","Windows 10",1440,748,60.98,"Female",20,"Right-handed","High school",TRUE,NA,"White","United Kingdom",2,NA,5,1,5,10,-3,-4,NA,NA,NA,NA,"9czTBTY28032025","DoggoNogoValidation",2025-03-28 18:25:12,2025-03-28 18:33:31,150,2025-03-28 18:25:22,2025-03-28 18:33:31,8.31666666666667,7.87993333333333,0.222222222222222,9.377
"S306",0.00666666666666667,0.0416666666666667,"SONA","SimpleFirst",2025-04-11 12:45:24,27.7656,102912,889673,"safari 18.3.0","false","Mac OS",1280,720,60.3,"Female",23,"Right-handed","Bachelor",TRUE,"Political Science, Law","White","United Kingdom",4,NA,7,0,5,10,4,-2,NA,NA,NA,NA,"EHOB70l11042025","DoggoNogoValidation",2025-04-11 13:03:41,2025-04-11 13:11:54,150,2025-04-11 13:04:11,2025-04-11 13:11:54,8.21666666666667,13.1126833333333,0.555555555555556,10.8084
"S269",0.0333333333333333,0.0333333333333333,"SONA","SimpleFirst",2025-04-09 13:45:36,20.1344666666667,77413,531257,"edge-chromium 134.0.0","false","Windows 10",1272,594,61.21,"Female",21,"Right-handed","High school",TRUE,NA,"White","United Kingdom",1,NA,2,1,10,15,-1,-2,NA,NA,NA,NA,"NsyDfQk09042025","DoggoNogoValidation",2025-04-09 13:57:14,2025-04-09 14:05:04,150,2025-04-09 13:57:24,2025-04-09 14:05:04,7.83333333333333,7.56406666666667,0.666666666666667,9.23083333333333
"S074",0.0333333333333333,0.0220588235294118,"SONA","DoggoFirst",2024-11-26 10:26:21,18.7275,654877,1104978,"safari 16.5.0","false","Mac OS",1710,914,30.15,"Female",19,"Right-handed","High school",TRUE,NA,"White","United Kingdom",1,NA,2,1,6,5,-1,-2,NA,NA,NA,NA,"UgoSPR926112024","DoggoNogoValidation",2024-11-26 10:27:36,2024-11-26 10:36:42,150,2024-11-26 10:27:45,2024-11-26 10:36:42,9.1,7.50168333333333,NA,NA
"S091",0.02,0.00854700854700855,"SONA","DoggoFirst",2024-11-27 16:43:45,20.1675,719315,1162499,"chrome 130.0.0","false","Chrome OS",1250,661,61.08,"Female",24,"Right-handed","Bachelor",TRUE,"Psychology, Neuroscience","White","United Kingdom",3,"Cute dog :)",7,4,7.5,6.5,4,-1,NA,NA,NA,NA,"ll8dcPc27112024","DoggoNogoValidation",2024-11-27 16:46:14,2024-11-27 16:54:29,150,2024-11-27 16:46:30,2024-11-27 16:54:29,8.25,7.3864,NA,NA
"S142",0.0333333333333333,0.0099009900990099,"SONA","SimpleFirst",2024-12-04 19:25:56,18.2698833333333,73702,579964,"safari 17.1.2","false","Mac OS",1440,820,30.29,"Female",21,"Right-handed","Bachelor",TRUE,"Psychology, Neuroscience","White","United Kingdom",3,NA,5,6,8,5,1,0,NA,NA,NA,NA,"FW0RVAR04122024","DoggoNogoValidation",2024-12-04 19:37:00,2024-12-04 19:43:44,150,2024-12-04 19:37:11,2024-12-04 19:43:44,6.73333333333333,8.4377,NA,NA
"S200",0.0133333333333333,0.00892857142857143,"SONA","SimpleFirst",2025-03-26 11:06:27,21.8893666666667,90083,579316,"chrome 134.0.0","false","Windows 10",1280,665,61.41,"Male",18,"Right-handed","High school",TRUE,NA,"White","United Kingdom",1,"I strongly dislike the use of AI generated art/images ",0,1,10,10,-4,-3,NA,NA,NA,NA,"yAc24oO26032025","DoggoNogoValidation",2025-03-26 11:19:37,2025-03-26 11:27:09,150,2025-03-26 11:19:47,2025-03-26 11:27:09,7.53333333333333,8.15388333333333,0.666666666666667,13.3781666666667
"S154",0.0666666666666667,0.00813008130081301,"SONA","SimpleFirst",2024-12-05 20:02:24,20.1819166666667,87442,552841,"crios 131.0.6778","true","iOS",980,644,58.54,"Female",19,"Right-handed","High school",TRUE,NA,"White","United Kingdom",1,NA,1,0,10,8,-2,-2,NA,NA,NA,NA,"zoO7RtL05122024","DoggoNogoValidation",2024-12-05 20:13:08,2024-12-05 20:21:45,150,2024-12-05 20:13:17,2024-12-05 20:21:45,8.61666666666667,7.75665,NA,NA
"S147",0.0333333333333333,0.0247933884297521,"SONA","DoggoFirst",2024-12-05 01:33:01,20.3022166666667,704547,1185057,"safari 17.4.1","false","Mac OS",1228,745,30.14,"Female",19,"Right-handed","Bachelor",TRUE,"Psychology, Neuroscience","Mixed","United Kingdom",2,NA,4,1,10,11,-3,-3,NA,NA,NA,NA,"tNLQdDR05122024","DoggoNogoValidation",2024-12-05 01:35:29,2024-12-05 01:43:47,150,2024-12-05 01:35:45,2024-12-05 01:43:47,8.3,8.0085,NA,NA
"S260",0,0.016260162601626,"SONA","SimpleFirst",2025-04-08 13:55:08,23.8374166666667,153860,636699,"chrome 134.0.0","false","Windows 10",1280,551,61.6,"Other",19,"Right-handed","Doctorate",NA,"Psychology, Neuroscience","White","United Kingdom",4,NA,2,5,7,5,-1,1,NA,NA,NA,"Non-binary","LYfcoev08042025","DoggoNogoValidation",2025-04-08 14:10:01,2025-04-08 14:18:03,150,2025-04-08 14:10:13,2025-04-08 14:18:02,8.03333333333333,8.04731666666667,0.444444444444444,NA
"S312",0.0466666666666667,0.00869565217391304,"SONA","DoggoFirst",2025-04-11 15:30:24,20.2665666666667,715913,1178051,"chrome 133.0.0","false","Mac OS",1440,812,61.56,"Female",20,"Right-handed","High school",TRUE,NA,"Middle Eastern/North African","Jordan",2,NA,0,0,7,8,-3,-4,NA,NA,NA,NA,"dd7GRE711042025","DoggoNogoValidation",2025-04-11 15:31:48,2025-04-11 15:39:41,150,2025-04-11 15:31:57,2025-04-11 15:39:41,7.88333333333333,7.7023,0.555555555555556,12.0984
"S158",0.12,0.0350877192982456,"SONA","SimpleFirst",2024-12-06 12:59:11,23.1850333333333,68287,608433,"safari 15.6.1","false","Mac OS",1440,820,60.12,"Female",19,"Right-handed","High school",TRUE,NA,"White","United Kingdom",2,NA,3,2,20,8,-4,-2,NA,NA,NA,NA,"1q23aG306122024","DoggoNogoValidation",2024-12-06 13:13:51,2024-12-06 13:21:40,150,2024-12-06 13:14:02,2024-12-06 13:21:40,7.81666666666667,9.00243333333333,NA,NA
"S140",0.94,0.0330578512396694,"SONA","SimpleFirst",2024-12-04 16:54:05,19.05585,62772,553410,"safari 15.6.1","false","Mac OS",1440,820,30.15,"Female",18,"Left-handed","High school",TRUE,NA,"White","United Kingdom",1,NA,5,0,9,7,-1,-4,NA,NA,NA,NA,"xEX5RwD04122024","DoggoNogoValidation",2024-12-04 17:04:27,2024-12-04 17:12:14,150,2024-12-04 17:04:36,2024-12-04 17:12:14,7.78333333333333,8.1773,NA,NA
"S015",0.06,0.0592592592592593,"SONA","DoggoFirst",2024-11-20 17:27:28,19.82885,654563,1160217,"chrome 130.0.0","false","Mac OS",1280,678,60.54,"Female",18,"Right-handed","High school",TRUE,NA,"White","United Kingdom",2,NA,2,1,5,10,-1,-2,NA,NA,NA,NA,"LxlpIFN20112024","DoggoNogoValidation",2024-11-20 17:29:03,2024-11-20 17:37:44,150,2024-11-20 17:29:12,2024-11-20 17:37:44,8.68333333333333,8.42756666666667,NA,NA
"S193",0.00666666666666667,0,"SONA","DoggoFirst",2025-03-22 05:41:19,20.7827,706389,1199368,"chrome 134.0.0","false","Windows 10",1440,791,30.65,"Female",18,"Right-handed","High school",TRUE,NA,"White","United Kingdom",2,NA,5,1,5,15,1,-1,NA,NA,NA,NA,"LSPvZI322032025","DoggoNogoValidation",2025-03-22 05:43:10,2025-03-22 05:50:25,150,2025-03-22 05:43:20,2025-03-22 05:50:25,7.25,8.21631666666667,0.555555555555556,10.8664
"S133",0,0,"SONA","SimpleFirst",2024-12-03 22:11:13,19.4048666666667,104175,595450,"chrome 131.0.0","false","Windows 10",1280,665,61.29,"Female",20,"Right-handed","High school",TRUE,NA,"South Asian","United Kingdom",3,NA,5,2,10,5,1,-1,NA,NA,NA,NA,"0gqCDLj03122024","DoggoNogoValidation",2024-12-03 22:23:44,2024-12-03 22:30:00,150,2024-12-03 22:23:54,2024-12-03 22:30:00,6.26666666666667,8.18791666666667,NA,NA
"S298",0,0.03125,"SONA","SimpleFirst",2025-04-10 23:14:56,19.8933,42285,476613,"chrome 134.0.0","false","Mac OS",1440,778,61.82,"Female",18,"Right-handed","High school",TRUE,NA,"Prefer not to say","United Kingdom",4,NA,5,4,10,7,-2,-2,NA,NA,NA,NA,"grtxCl410042025","DoggoNogoValidation",2025-04-10 23:25:41,2025-04-10 23:34:04,150,2025-04-10 23:25:51,2025-04-10 23:34:04,8.38333333333333,7.2388,0.666666666666667,10.0526666666667
"S216",0.0533333333333333,0.0743801652892562,"SONA","DoggoFirst",2025-03-31 04:47:22,17.60935,605648,1038569,"safari 17.1.0","false","Mac OS",1440,820,60.36,"Female",18,"Right-handed","High school",TRUE,NA,"White","United Kingdom",1,NA,1,2,6,6,-4,-3,NA,NA,NA,NA,"YU3ljRm31032025","DoggoNogoValidation",2025-03-31 04:48:08,2025-03-31 04:55:52,150,2025-03-31 04:48:17,2025-03-31 04:55:52,7.73333333333333,7.21535,0.888888888888889,6.128375
"S034",0.106666666666667,0.0155038759689922,"SONA","DoggoFirst",2024-11-22 13:06:39,20.0693666666667,667001,1171966,"chrome 130.0.0","false","Mac OS",1470,832,61.12,"Female",19,"Right-handed","High school",TRUE,NA,"South Asian","United Kingdom",2,NA,4,3,7,10.5,-1,-1,NA,NA,NA,NA,"mQdoezr22112024","DoggoNogoValidation",2024-11-22 13:08:24,2024-11-22 13:17:01,150,2024-11-22 13:08:34,2024-11-22 13:17:01,8.61666666666667,8.41608333333333,NA,NA
"S117",0,0,"SONA","SimpleFirst",2024-12-02 12:23:00,17.0817666666667,45485,528255,"chrome 131.0.0","false","Mac OS",1280,654,60.79,"Female",19,"Right-handed","High school",TRUE,NA,"White","United Kingdom",3,NA,5,0,5,7,1,-4,NA,NA,NA,NA,"cvU3rED02122024","DoggoNogoValidation",2024-12-02 12:32:55,2024-12-02 12:39:16,150,2024-12-02 12:33:04,2024-12-02 12:39:16,6.35,8.04616666666667,NA,NA
"S108",0.08,0.0512820512820513,"SONA","SimpleFirst",2024-11-29 18:11:54,23.6616833333333,51318,633249,"chrome 131.0.0","false","Mac OS",1440,778,61.04,"Female",20,"Right-handed","High school",TRUE,NA,"East Asian","United Kingdom",1,"doggo game kept saying almost which was infuriating",0,0,13,8,-4,-3,NA,NA,NA,NA,"AWVY2Gw29112024","DoggoNogoValidation",2024-11-29 18:23:42,2024-11-29 18:33:56,150,2024-11-29 18:23:53,2024-11-29 18:33:56,10.2333333333333,9.69885,NA,NA
"S002",0.1,0.0252100840336134,"SONA","DoggoFirst",2024-11-19 14:45:07,21.2899833333333,706953,1255604,"safari 17.2.0","false","Mac OS",1194,791,60.91,"Female",18,"Right-handed","High school",TRUE,NA,"Black","United Kingdom",3,NA,4,1,10,15,-2,-3,NA,NA,NA,NA,"hW2KDp119112024","DoggoNogoValidation",2024-11-19 14:47:01,2024-11-19 14:55:22,150,2024-11-19 14:47:13,2024-11-19 14:55:22,8.35,9.14418333333333,NA,NA
"S202",0.0133333333333333,0.0458715596330275,"SONA","SimpleFirst",2025-03-27 16:38:57,20.80955,76546,604845,"chrome 134.0.0","false","Mac OS",1440,778,61.43,"Female",20,"Right-handed","High school",TRUE,NA,"Mixed","United Kingdom",4,NA,5,7,15,10,1,2,NA,NA,NA,NA,"ZTMW7NN27032025","DoggoNogoValidation",2025-03-27 16:52:03,2025-03-27 16:59:13,150,2025-03-27 16:52:12,2025-03-27 16:59:13,7.16666666666667,8.80498333333333,0.444444444444444,10.7565
"S245",0.14,0.0288461538461538,"SONA","SimpleFirst",2025-04-06 15:43:39,19.3264166666667,92691,556424,"chrome 134.0.0","false","Windows 10",1536,695,61.69,"Female",18,"Right-handed","Bachelor",TRUE,"Psychology, Neuroscience","White","United Kingdom",2,NA,7,1,20,20,-2,-2,NA,NA,NA,NA,"6kCdvvS06042025","DoggoNogoValidation",2025-04-06 15:56:11,2025-04-06 16:03:01,150,2025-04-06 15:56:21,2025-04-06 16:03:01,6.83333333333333,7.72888333333333,0.555555555555556,6.8948
"S010",0.00666666666666667,0.0350877192982456,"SONA","DoggoFirst",2024-11-20 01:06:17,24.8808166666667,863770,1396568,"opera 114.0.0","false","Windows 10",1463,851,61.73,"Male",18,"Right-handed","High school",TRUE,NA,"White","United Kingdom",1,"Don't use the down arrow as it forces the participant to put their hand in a weird position for too long, use the enter key or left click instead because it is more comfortable and therefore should better represent reaction time",0,2,8,9,-4,-4,NA,NA,NA,NA,"FwmHaUM20112024","DoggoNogoValidation",2024-11-20 01:12:19,2024-11-20 01:19:53,150,2024-11-20 01:12:29,2024-11-20 01:19:53,7.56666666666667,8.87996666666667,NA,NA
"S099",0.00666666666666667,0.0065359477124183,"SONA","DoggoFirst",2024-11-28 15:47:18,20.4993166666667,754152,1201479,"edge-chromium 130.0.0","false","Windows 10",1272,594,60.79,"Female",18,"Right-handed","High school",TRUE,NA,"South Asian","United Kingdom",2,NA,4,5,10,10,-3,1,NA,NA,NA,NA,"SzNsqof28112024","DoggoNogoValidation",2024-11-28 15:49:02,2024-11-28 15:59:02,150,2024-11-28 15:49:12,2024-11-28 15:59:02,10,7.45545,NA,NA
"S289",0.0866666666666667,0.0545454545454545,"SONA","SimpleFirst",2025-04-10 15:06:24,20.3929166666667,63369,618818,"chrome 131.0.0","false","Mac OS",1175,721,61.84,"Female",21,"Right-handed","Other",NA,NA,"Black","United Kingdom",2,NA,0,1,10,7,-3,-4,NA,"A-levels",NA,NA,"Jz6TgHa10042025","DoggoNogoValidation",2025-04-10 15:19:03,2025-04-10 15:26:29,150,2025-04-10 15:19:13,2025-04-10 15:26:29,7.43333333333333,9.25748333333333,0.777777777777778,NA
"S168",0.16,0.00684931506849315,"SONA","SimpleFirst",2025-03-10 10:26:37,23.5971333333333,58031,555372,"edge-chromium 133.0.0","false","Windows 10",1272,568,61.32,"Female",18,"Right-handed","High school",TRUE,NA,"White","United Kingdom",2,NA,3,2,7,5,-1,-1,NA,NA,NA,NA,"uS2v2NA10032025","DoggoNogoValidation",2025-03-10 10:40:06,2025-03-10 10:49:42,150,2025-03-10 10:40:15,2025-03-10 10:49:41,9.6,8.28901666666667,0.444444444444444,NA
"S100",0.0333333333333333,0.0118343195266272,"SONA","DoggoFirst",2024-11-28 19:56:09,21.6974333333333,823456,1291502,"chrome 131.0.0","false","Mac OS",1440,778,61.89,"Female",18,"Left-handed","High school",TRUE,NA,"White","United Kingdom",1,NA,0,0,10,10,-4,-4,NA,NA,NA,NA,"BOyJ7rs28112024","DoggoNogoValidation",2024-11-28 19:57:29,2024-11-28 20:09:05,150,2024-11-28 19:57:38,2024-11-28 20:09:05,11.6,7.80076666666667,NA,NA
"S205",0.08,0.0555555555555556,"SONA","SimpleFirst",2025-03-28 15:59:00,26.2996666666667,84597,641247,"safari 16.6.0","false","Mac OS",1710,989,30,"Female",20,"Right-handed","Bachelor",TRUE,"Psychology, Neuroscience","White","United Kingdom",1,NA,2,3,7,8,-4,-3,NA,NA,NA,NA,"mGzPdBx28032025","DoggoNogoValidation",2025-03-28 16:13:54,2025-03-28 16:24:35,150,2025-03-28 16:14:04,2025-03-28 16:24:35,10.6833333333333,9.2775,0.666666666666667,17.7055
"S030",0,0.0103092783505155,"SONA","SimpleFirst",2024-11-21 18:24:25,18.3073166666667,92857,562241,"firefox 132.0.0","false","Windows 10",1920,954,102.92,"Male",19,"Right-handed","High school",TRUE,NA,"White","United Kingdom",3,NA,3,4,5,7,-3,1,NA,NA,NA,NA,"6wNkfkB21112024","DoggoNogoValidation",2024-11-21 18:35:22,2024-11-21 18:41:48,150,2024-11-21 18:35:33,2024-11-21 18:41:48,6.43333333333333,7.82306666666667,NA,NA
"S084",0,0.0175438596491228,"SONA","SimpleFirst",2024-11-26 22:10:36,22.1576,57753,507557,"chrome 131.0.0","false","Windows 10",1280,551,61.82,"Female",20,"Right-handed","High school",TRUE,NA,"South Asian","United Kingdom",3,NA,3,5,10,5,-2,0,NA,NA,NA,NA,"Y6OfTuS26112024","DoggoNogoValidation",2024-11-26 22:20:24,2024-11-26 22:32:01,150,2024-11-26 22:20:35,2024-11-26 22:32:01,11.6166666666667,7.49673333333333,NA,NA
"S072",0.00666666666666667,0.032,"SONA","SimpleFirst",2024-11-25 21:57:40,20.9968333333333,189237,663880,"chrome 103.0.0","false","Chrome OS",1536,746,61.98,"Female",18,"Left-handed","High school",TRUE,NA,"White","United Kingdom",2,NA,3,1,5,5,0,-2,NA,NA,NA,NA,"AdGCoSO25112024","DoggoNogoValidation",2024-11-25 22:10:06,2024-11-25 22:18:03,150,2024-11-25 22:10:16,2024-11-25 22:18:03,7.95,7.91071666666667,NA,NA
"S089",0,0.0333333333333333,"SONA","SimpleFirst",2024-11-27 16:32:58,19.9391166666667,91578,522693,"chrome 131.0.0","false","Mac OS",1470,831,61.73,"Female",18,"Right-handed","High school",TRUE,NA,"White","United Kingdom",2,NA,1,2,5,10,-2,0,NA,NA,NA,NA,"6PTig1L27112024","DoggoNogoValidation",2024-11-27 16:43:40,2024-11-27 16:51:51,150,2024-11-27 16:43:50,2024-11-27 16:51:51,8.18333333333333,7.18525,NA,NA
"S033",0.14,0.0283018867924528,"SONA","DoggoFirst",2024-11-22 11:36:30,18.13165,594127,1069518,"edge-chromium 130.0.0","false","Windows 10",1272,602,61.98,"Female",19,"Right-handed","Master",TRUE,"Psychology, Neuroscience","White","Hungary",4,NA,7,0,10,10,-4,-4,NA,NA,NA,NA,"ha734BV22112024","DoggoNogoValidation",2024-11-22 11:37:59,2024-11-22 11:45:54,150,2024-11-22 11:38:08,2024-11-22 11:45:54,7.91666666666667,7.92318333333333,NA,NA
"S077",0,0.0245901639344262,"SONA","DoggoFirst",2024-11-26 16:34:17,20.5284333333333,729495,1186664,"edge-chromium 131.0.0","false","Windows 10",1528,738,61.12,"Female",19,"Right-handed","High school",TRUE,NA,"White","United Kingdom",2,NA,4,3,8,13,-2,-1,NA,NA,NA,NA,"Zza0OSA26112024","DoggoNogoValidation",2024-11-26 16:37:04,2024-11-26 16:45:27,150,2024-11-26 16:37:14,2024-11-26 16:45:27,8.38333333333333,7.61948333333333,NA,NA
"S247",0.00666666666666667,0.0384615384615385,"SONA","DoggoFirst",2025-04-06 16:19:44,19.5134833333333,650626,1149080,"safari 17.3.0","false","Mac OS",1470,839,60.48,"Female",18,"Right-handed","High school",TRUE,NA,"White","United Kingdom",2,NA,3,3,7,10,-1,-1,NA,NA,NA,NA,"Nqb89EI06042025","DoggoNogoValidation",2025-04-06 16:22:21,2025-04-06 16:29:13,150,2025-04-06 16:22:30,2025-04-06 16:29:13,6.86666666666667,8.30756666666667,0.777777777777778,6.11671428571429
"S223",0.02,0.00826446280991736,"SONA","DoggoFirst",2025-03-31 18:31:58,21.2626833333333,807157,1251247,"chrome 132.0.0","false","Windows 10",1366,645,60.7,"Female",21,"Right-handed","High school",TRUE,NA,"Black","United Kingdom",2,NA,5,0,20,20,0,-2,NA,NA,NA,NA,"kfnevqR31032025","DoggoNogoValidation",2025-03-31 18:33:24,2025-03-31 18:42:40,150,2025-03-31 18:33:33,2025-03-31 18:42:40,9.26666666666667,7.4015,0.222222222222222,12.7335
"S261",0.02,0.00840336134453781,"SONA","SimpleFirst",2025-04-08 13:57:34,22.0368333333333,48489,488711,"chrome 134.0.0","false","Windows 10",1536,742,61.15,"Male",19,"Right-handed","High school",TRUE,NA,"White","United Kingdom",3,NA,3,2,10,10,-1,-2,NA,NA,NA,NA,"ZlaHd6o08042025","DoggoNogoValidation",2025-04-08 14:11:19,2025-04-08 14:19:16,150,2025-04-08 14:11:28,2025-04-08 14:19:16,7.95,7.33703333333333,0.444444444444444,24.85
"S146",0.48,0.0476190476190476,"SONA","SimpleFirst",2024-12-05 00:50:25,19.9020666666667,61685,518765,"safari 16.6.0","false","Mac OS",1044,716,59.94,"Female",20,"Right-handed","Doctorate",NA,"Psychology, Neuroscience","White","United Kingdom",3,NA,5,3,10,5,-3,-2,NA,NA,NA,NA,"8v9M6vQ05122024","DoggoNogoValidation",2024-12-05 01:00:09,2024-12-05 01:09:41,150,2024-12-05 01:00:21,2024-12-05 01:09:41,9.53333333333333,7.618,NA,NA
"S169",0.02,0.00847457627118644,"SONA","DoggoFirst",2025-03-10 15:26:55,19.7308333333333,687982,1162808,"edge-chromium 133.0.0","false","Windows 10",1528,738,60.61,"Female",19,"Right-handed","Bachelor",TRUE,"Psychology, Neuroscience","White","United Kingdom",4,NA,6,6,7,9,2,1,NA,NA,NA,NA,"zH22kYX10032025","DoggoNogoValidation",2025-03-10 15:28:30,2025-03-10 15:36:18,150,2025-03-10 15:28:42,2025-03-10 15:36:18,7.8,7.91376666666667,1,4.69055555555556
"S206",0.0266666666666667,0.0227272727272727,"SONA","DoggoFirst",2025-03-28 15:59:23,21.4470833333333,715978,1252464,"chrome 134.0.0","false","Windows 10",1536,695,61.48,"Female",19,"Right-handed","High school",TRUE,NA,"White","United Kingdom",2,NA,4,2,6,12,0,-2,NA,NA,NA,NA,"Gijmwgn28032025","DoggoNogoValidation",2025-03-28 16:01:46,2025-03-28 16:07:48,150,2025-03-28 16:01:56,2025-03-28 16:07:48,6.03333333333333,8.94143333333333,0.555555555555556,19.128
"S095",0.0466666666666667,0.0535714285714286,"SONA","SimpleFirst",2024-11-27 19:21:27,17.9737,49514,504991,"safari 18.0.1","false","Mac OS",1440,820,59.82,"Female",18,"Right-handed","High school",TRUE,NA,"White","United Kingdom",2,NA,3,2,10,12,0,-3,NA,NA,NA,NA,"sMQJwXM27112024","DoggoNogoValidation",2024-11-27 19:31:19,2024-11-27 19:38:45,150,2024-11-27 19:31:34,2024-11-27 19:38:45,7.43333333333333,7.59128333333333,NA,NA
"S016",0.0133333333333333,0.0303030303030303,"SONA","SimpleFirst",2024-11-20 17:43:36,19.7983833333333,51645,497129,"chrome 130.0.0","false","Windows 10",1904,983,61.72,"Female",18,"Left-handed","High school",TRUE,NA,"White","United Kingdom",2,NA,0,2,15,5,-4,0,NA,NA,NA,NA,"2oxiz5d20112024","DoggoNogoValidation",2024-11-20 17:53:45,2024-11-20 18:02:30,150,2024-11-20 17:53:55,2024-11-20 18:02:30,8.75,7.42473333333333,NA,NA
"S296",0.0133333333333333,0.0412371134020619,"SONA","DoggoFirst",2025-04-10 21:08:14,28.8768,1030736,1663259,"edge-chromium 135.0.0","false","Windows 10",1528,738,62.1,"Female",20,"Right-handed","High school",TRUE,NA,"Mixed","United Kingdom",3,NA,7,1,10,15,-2,-4,NA,NA,NA,NA,"q5xbISb10042025","DoggoNogoValidation",2025-04-10 21:13:18,2025-04-10 21:19:50,150,2025-04-10 21:13:37,2025-04-10 21:19:50,6.53333333333333,10.54205,0.111111111111111,21.828
"S197",0,0.0222222222222222,"SONA","DoggoFirst",2025-03-24 10:58:19,18.8922166666667,634163,1106949,"chrome 134.0.0","false","Windows 10",1280,551,61.56,"Female",19,"Right-handed","High school",TRUE,NA,"White","United Kingdom",2,NA,4,1,5,8,1,-3,NA,NA,NA,NA,"Sjl9clD24032025","DoggoNogoValidation",2025-03-24 11:00:45,2025-03-24 11:07:01,150,2025-03-24 11:00:54,2025-03-24 11:07:01,6.26666666666667,7.87976666666667,0.666666666666667,8.16883333333333
"S019",0.0466666666666667,0.0352112676056338,"SONA","DoggoFirst",2024-11-20 18:48:44,67.9881166666667,2406622,4048477,"edge-chromium 131.0.0","false","Windows 10",1528,704,167.93,"Female",20,"Right-handed","High school",TRUE,NA,"White","United Kingdom",0,NA,0,0,30,45,-4,-4,NA,NA,NA,NA,"SirFrwW20112024","DoggoNogoValidation",2024-11-20 18:51:08,2024-11-20 19:28:22,150,2024-11-20 18:51:18,2024-11-20 19:28:22,37.2333333333333,27.36425,NA,NA
"S201",0.0266666666666667,0.0247933884297521,"SONA","SimpleFirst",2025-03-27 12:09:49,21.6474166666667,24622,465460,"firefox 136.0.0","false","Windows 10",1536,703,61.16,"Female",20,"Right-handed","High school",TRUE,NA,"White","United Kingdom",3,"when i was pressing the down arrow on the dog game, it would often give me 0 points even though i pressed it almost instantly. and there were times with the red square that i would press the down arrow and be told i was too quick, even whrn there was literally a square on the screen. i would also like to note that chrome wouldnt load the second game, but firefox would, so it might be worth mentioning that it works best with firefox :)",4,6,8,7,0,2,NA,NA,NA,NA,"7Kv1hqI27032025","DoggoNogoValidation",2025-03-27 12:20:47,2025-03-27 12:29:02,150,2025-03-27 12:20:59,2025-03-27 12:29:02,8.25,7.3473,0.444444444444444,15.72725
"S086",0,0,"SONA","DoggoFirst",2024-11-27 14:07:24,22.6476833333333,630912,1127366,"chrome 131.0.0","false","Windows 10",1536,791,169.11,"Female",28,"Right-handed","High school",TRUE,NA,"White","United Kingdom",3,"Initially in both tasks I was unsure whether the *only* objects would be bones, or red squares and I was worried I might click when a different kind of object would appear :)",5,4,7,7,0,0,NA,NA,NA,NA,"S3zuUBA27112024","DoggoNogoValidation",2024-11-27 14:09:36,2024-11-27 14:16:04,150,2024-11-27 14:09:53,2024-11-27 14:16:04,6.46666666666667,8.27423333333333,NA,NA
"S078",0.166666666666667,0.0555555555555556,"SONA","DoggoFirst",2024-11-26 17:45:25,1151.5415,839822,69049344,"safari 16.5.0","false","Mac OS",1440,820,60.67,"Female",20,"Right-handed","Bachelor",TRUE,"other","White","United Kingdom",2,"it gets rather repeative ",3,0,10,6,-3,-4,NA,NA,"Psychology",NA,"jvmE2Fu26112024","DoggoNogoValidation",2024-11-26 17:48:18,2024-11-26 17:57:48,150,2024-11-26 17:48:34,2024-11-26 17:57:48,9.5,1136.82536666667,NA,NA
"S141",0,0.0198019801980198,"SONA","SimpleFirst",2024-12-04 16:55:21,16.9010666666667,38817,524236,"safari 18.1.1","false","Mac OS",1366,982,56.23,"Female",19,"Right-handed","High school",TRUE,NA,"South Asian","United Kingdom",1,NA,0,1,6,3,-4,-1,NA,NA,NA,NA,"uNzznHi04122024","DoggoNogoValidation",2024-12-04 17:05:11,2024-12-04 17:11:44,150,2024-12-04 17:05:21,2024-12-04 17:11:44,6.55,8.09031666666667,NA,NA
"S305",0,0,"SONA","SimpleFirst",2025-04-11 12:45:17,23.8833833333333,148021,676863,"opera 117.0.0","false","Windows 10",1876,935,61.59,"Male",25,"Right-handed","Bachelor",TRUE,"Psychology, Neuroscience","White","United Kingdom",3,"I found the game frustrating as I wasn't sure what the parameters for getting points were. sometimes I would press the down arrow and even though i felt i did it the same as before, it would tell me i didnt get any points",2,4,10,15,-1,2,NA,NA,NA,NA,"Vq2XZDZ11042025","DoggoNogoValidation",2025-04-11 13:00:12,2025-04-11 13:07:30,150,2025-04-11 13:00:22,2025-04-11 13:07:30,7.3,8.81403333333333,0.333333333333333,12.61
"S031",0.0533333333333333,0.0199004975124378,"SONA","SimpleFirst",2024-11-22 09:34:25,24.8442666666667,78489,551333,"opera 114.0.0","false","Windows 10",1482,695,61.2,"Female",19,"Right-handed","High school",TRUE,NA,"Southeast Asian","United Kingdom",2,NA,1,3,7,12,0,0,NA,NA,NA,NA,"ucDekse22112024","DoggoNogoValidation",2024-11-22 09:44:51,2024-11-22 09:58:45,150,2024-11-22 09:45:00,2024-11-22 09:58:45,13.9,7.88073333333333,NA,NA
"S106",0.00666666666666667,0.0198019801980198,"SONA","SimpleFirst",2024-11-29 16:24:28,18.3428,59089,523462,"safari 15.6.1","false","Mac OS",1664,918,61.16,"Male",19,"Right-handed","High school",TRUE,NA,"White","United Kingdom",2,NA,3,4,8,10,-2,-1,NA,NA,NA,NA,"mJyL1hK29112024","DoggoNogoValidation",2024-11-29 16:35:50,2024-11-29 16:42:23,150,2024-11-29 16:35:59,2024-11-29 16:42:23,6.55,7.73955,NA,NA
"S058",0.0133333333333333,0,"SONA","SimpleFirst",2024-11-25 12:34:58,18.44465,56794,491072,"chrome 129.0.0","false","Chrome OS",1536,730,61.98,"Female",20,"Right-handed","Bachelor",TRUE,"Psychology, Neuroscience","White","United Kingdom",4,NA,6,1,10,20,1,-1,NA,NA,NA,NA,"nJhjjcP25112024","DoggoNogoValidation",2024-11-25 12:44:11,2024-11-25 12:52:55,150,2024-11-25 12:44:20,2024-11-25 12:52:55,8.73333333333333,7.23796666666667,NA,NA
"S157",0.00666666666666667,0.0172413793103448,"SONA","DoggoFirst",2024-12-06 12:42:50,19.0994833333333,689715,1126887,"chrome 131.0.0","false","Windows 10",1536,695,61.49,"Other",22,"Ambidextrous","High school",TRUE,NA,"White","United Kingdom",2,NA,3,1,10,15,-1,-3,NA,NA,NA,"Non-Binary","kLfeahN06122024","DoggoNogoValidation",2024-12-06 12:45:47,2024-12-06 12:53:24,150,2024-12-06 12:45:56,2024-12-06 12:53:24,7.61666666666667,7.2862,NA,NA
"S080",0,0.0105263157894737,"SONA","DoggoFirst",2024-11-26 20:08:12,19.6775166666667,633094,1083329,"safari 17.0.0","false","Mac OS",1223,781,59.06,"Female",40,"Right-handed","High school",TRUE,NA,"White","United Kingdom",3,NA,3,3,8,8,-1,-3,NA,NA,NA,NA,"X9McCHR26112024","DoggoNogoValidation",2024-11-26 20:10:33,2024-11-26 20:17:17,150,2024-11-26 20:10:43,2024-11-26 20:17:17,6.73333333333333,7.50391666666667,NA,NA
"S013",0.00666666666666667,0.025974025974026,"SONA","DoggoFirst",2024-11-20 16:04:14,23.61475,860814,1397213,"chrome 130.0.0","false","Chrome OS",1536,730,60.78,"Other",19,"Left-handed","High school",TRUE,NA,"White","United Kingdom",2,NA,5,2,15,15,-2,-4,NA,NA,NA,"non-binary","YVbFLBp20112024","DoggoNogoValidation",2024-11-20 16:06:50,2024-11-20 16:17:40,150,2024-11-20 16:07:18,2024-11-20 16:17:40,10.8333333333333,8.93998333333333,NA,NA
"S172",0.02,0.0204081632653061,"SONA","DoggoFirst",2025-03-11 10:42:33,22.4720833333333,794881,1328229,"chrome 133.0.0","false","Windows 10",1280,551,61.92,"Female",19,"Right-handed","High school",TRUE,NA,"White","United Kingdom",3,NA,5,1,10,10,0,-3,NA,NA,NA,NA,"zxYt6mz11032025","DoggoNogoValidation",2025-03-11 10:44:13,2025-03-11 10:53:57,150,2025-03-11 10:44:22,2025-03-11 10:53:56,9.73333333333333,8.88913333333333,0.777777777777778,6.58957142857143
"S281",0.0266666666666667,0.0546875,"SONA","DoggoFirst",2025-04-10 13:20:30,23.2209166666667,917787,1380414,"safari 18.3.1","false","Mac OS",1180,777,60.42,"Female",21,"Right-handed","High school",TRUE,NA,"White","United Kingdom",4,NA,7,7,8,9,4,4,NA,NA,NA,NA,"ZiweCyd10042025","DoggoNogoValidation",2025-04-10 13:23:15,2025-04-10 13:31:56,150,2025-04-10 13:23:24,2025-04-10 13:31:56,8.68333333333333,7.71045,0.444444444444444,NA
"S082",0,0.0333333333333333,"SONA","SimpleFirst",2024-11-26 20:57:21,25.6134166666667,128745,633141,"safari 17.5.0","false","Mac OS",1440,743,30.15,"Female",20,"Right-handed","High school",TRUE,NA,"White","United Kingdom",3,"No comments",1,1,15,15,0,1,NA,NA,NA,NA,"RL8oaab26112024","DoggoNogoValidation",2024-11-26 21:10:49,2024-11-26 21:21:22,150,2024-11-26 21:11:00,2024-11-26 21:21:22,10.55,8.4066,NA,NA
"S230",0.113333333333333,0.04,"SONA","SimpleFirst",2025-04-01 22:15:37,19.1130166666667,67243,528930,"safari 18.3.1","false","Mac OS",727,768,60.36,"Female",19,"Right-handed","Bachelor",TRUE,"Arts and Humanities","White","United Kingdom",2,NA,0,2,20,10,-1,-2,NA,NA,NA,NA,"MEFmFr801042025","DoggoNogoValidation",2025-04-01 22:25:56,2025-04-01 22:34:18,150,2025-04-01 22:26:05,2025-04-01 22:34:18,8.36666666666667,7.69478333333333,0.777777777777778,3.002
"S215",0.0133333333333333,0.0596026490066225,"SONA","DoggoFirst",2025-03-30 23:52:47,27.0182833333333,1072107,1574681,"safari 18.1.1","false","Mac OS",1440,820,60.42,"Female",19,"Right-handed","Bachelor",TRUE,"Psychology, Neuroscience","Middle Eastern/North African","United Kingdom",3,NA,4,2,4.5,10,1,-1,NA,NA,NA,NA,"4ef4fpc30032025","DoggoNogoValidation",2025-03-30 23:54:46,2025-03-31 00:05:10,150,2025-03-30 23:55:05,2025-03-31 00:05:10,10.4,8.37623333333333,1,7.95988888888889
"S207",0.0866666666666667,0.0144927536231884,"SONA","SimpleFirst",2025-03-28 17:09:29,52.2463,47593,518696,"opera 117.0.0","false","Windows 10",1495,710,60.93,"Female",20,"Right-handed","High school",TRUE,NA,"White","United Kingdom",3,NA,5,3,5,3,1,-1,NA,NA,NA,NA,"h50Qe5m28032025","DoggoNogoValidation",2025-03-28 17:46:22,2025-03-28 17:55:28,150,2025-03-28 17:46:31,2025-03-28 17:55:28,9.1,7.85171666666667,0.666666666666667,NA
"S083",0.1,0.0367647058823529,"SONA","SimpleFirst",2024-11-26 21:34:29,19.6431333333333,62393,520255,"chrome 131.0.0","false","Windows 10",1366,633,60.68,"Female",18,"Right-handed","High school",TRUE,NA,"White","United Kingdom",0,NA,0,3,30,20,-3,-1,NA,NA,NA,NA,"25bThqa26112024","DoggoNogoValidation",2024-11-26 21:44:18,2024-11-26 21:53:33,150,2024-11-26 21:44:28,2024-11-26 21:53:33,9.25,7.63103333333333,NA,NA
"S288",0.266666666666667,0.0467289719626168,"SONA","SimpleFirst",2025-04-10 14:49:04,37.0544833333333,59331,606782,"safari 17.6.0","false","Mac OS",1440,728,59.76,"Female",22,"Right-handed","High school",TRUE,NA,"Prefer not to say","United Kingdom",1,NA,3,1,10,10,-3,-1,NA,NA,NA,NA,"nlRUhlu10042025","DoggoNogoValidation",2025-04-10 15:18:45,2025-04-10 15:25:38,150,2025-04-10 15:18:55,2025-04-10 15:25:38,6.88333333333333,9.12418333333333,1,0.787666666666667
"S056",0.0533333333333333,0.032258064516129,"SONA","DoggoFirst",2024-11-24 21:43:10,19.4246666666667,671508,1152286,"chrome 130.0.0","false","Mac OS",1439,788,60.88,"Female",18,"Right-handed","Bachelor",TRUE,"Psychology, Neuroscience","White","Switzerland",2,NA,4,2,9,15,0,-2,NA,NA,NA,NA,"4nNmmgX24112024","DoggoNogoValidation",2024-11-24 21:44:54,2024-11-24 21:53:39,150,2024-11-24 21:45:03,2024-11-24 21:53:39,8.75,8.01296666666667,NA,NA
"S227",0.00666666666666667,0.00813008130081301,"SONA","SimpleFirst",2025-04-01 00:34:59,21.5202833333333,108409,589855,"chrome 134.0.0","false","Chrome OS",1536,695,60.99,"Female",20,"Right-handed","High school",TRUE,NA,"White","United States",0,NA,0,0,10,5,-4,-2,NA,NA,NA,NA,"pagVeNN01042025","DoggoNogoValidation",2025-04-01 00:47:25,2025-04-01 00:55:43,150,2025-04-01 00:47:34,2025-04-01 00:55:43,8.3,8.0241,0.777777777777778,9.63985714285714
"S203",0.0466666666666667,0.00819672131147541,"SONA","DoggoFirst",2025-03-28 12:59:13,41.6352166666667,2004212,2469473,"chrome 134.0.0","false","Mac OS",1440,812,62,"Female",20,"Right-handed","High school",TRUE,NA,"White","United Kingdom",2,"love ya",4,0,8,8,-1,-4,NA,NA,NA,NA,"w4jVtR628032025","DoggoNogoValidation",2025-03-28 13:01:44,2025-03-28 13:10:06,150,2025-03-28 13:01:54,2025-03-28 13:10:06,8.36666666666667,7.75435,0.555555555555556,18.4118
"S225",0.0133333333333333,0.027972027972028,"SONA","SimpleFirst",2025-03-31 21:35:53,26.6170333333333,122808,637901,"chrome 133.0.0","false","Chrome OS",1536,730,61.54,"Male",20,"Right-handed","High school",TRUE,NA,"White","United Kingdom",2,NA,3,3,15,10,-2,-1,NA,NA,NA,NA,"AboFTqd31032025","DoggoNogoValidation",2025-03-31 21:49:48,2025-03-31 22:01:37,150,2025-03-31 21:49:58,2025-03-31 22:01:37,11.8166666666667,8.58488333333333,0.888888888888889,8.9565
"S249",0.0266666666666667,0.0153846153846154,"SONA","DoggoFirst",2025-04-06 20:14:28,23.1696333333333,868576,1339983,"edge-chromium 134.0.0","false","Windows 10",1488,834,60.4,"Female",19,"Right-handed","High school",TRUE,NA,"White","United Kingdom",3,NA,4,2,5,8,0,-1,NA,NA,NA,NA,"F1Q37av06042025","DoggoNogoValidation",2025-04-06 20:17:33,2025-04-06 20:26:12,150,2025-04-06 20:17:44,2025-04-06 20:26:12,8.65,7.85678333333333,0.555555555555556,9.4978
"S028",0,0.019047619047619,"SONA","SimpleFirst",2024-11-21 15:44:54,27.5224666666667,622402,1092357,"safari 17.2.1","false","Mac OS",1588,821,60.36,"Female",19,"Right-handed","High school",TRUE,NA,"White","United Kingdom",1,NA,2,1,7,10,-2,0,NA,NA,NA,NA,"h27Fcac21112024","DoggoNogoValidation",2024-11-21 16:04:35,2024-11-21 16:11:35,150,2024-11-21 16:04:45,2024-11-21 16:11:35,7,7.83258333333333,NA,NA
"S294",0.0666666666666667,0,"SONA","SimpleFirst",2025-04-10 20:49:19,21.46925,53402,540822,"chrome 134.0.0","false","Windows 10",1280,551,146.66,"Female",22,"Right-handed","High school",TRUE,NA,"White","United Kingdom",1,NA,2,0,15,15,-3,-3,NA,NA,NA,NA,"hei0fhI10042025","DoggoNogoValidation",2025-04-10 21:02:02,2025-04-10 21:10:05,150,2025-04-10 21:02:12,2025-04-10 21:10:05,8.05,8.12366666666667,0.555555555555556,16.0924
"S175",0.0266666666666667,0.0431654676258993,"SONA","SimpleFirst",2025-03-13 09:49:58,23.9544666666667,96574,684200,"chrome 134.0.0","false","Windows 10",983,952,61.19,"Female",19,"Left-handed","High school",TRUE,NA,"White","United Kingdom",3,NA,4,2,10,10,0,-2,NA,NA,NA,NA,"vZDJPcB13032025","DoggoNogoValidation",2025-03-13 10:04:24,2025-03-13 10:13:28,150,2025-03-13 10:04:34,2025-03-13 10:13:28,9.06666666666667,9.79376666666667,0.444444444444444,9.2195
"S183",0.0333333333333333,0.0555555555555556,"SONA","DoggoFirst",2025-03-15 17:45:57,23.5664,845851,1385725,"safari 18.3.0","false","Mac OS",718,820,60.61,"Male",21,"Left-handed","High school",TRUE,NA,"Middle Eastern/North African","United Kingdom",3,NA,4,2,9,12,-2,-4,NA,NA,NA,NA,"egdnKWC15032025","DoggoNogoValidation",2025-03-15 17:47:28,2025-03-15 17:55:40,150,2025-03-15 17:47:37,2025-03-15 17:55:40,8.2,8.9979,0.666666666666667,NA
"S187",0.04,0.00826446280991736,"SONA","DoggoFirst",2025-03-19 16:20:54,20.1618333333333,743605,1189142,"chrome 116.0.0","false","Mac OS",1440,815,61.65,"Female",19,"Right-handed","Bachelor",TRUE,"Psychology, Neuroscience","White","United Kingdom",0,NA,0,0,6,7,-4,-4,NA,NA,NA,NA,"tgLdtWC19032025","DoggoNogoValidation",2025-03-19 16:22:42,2025-03-19 16:30:57,150,2025-03-19 16:22:51,2025-03-19 16:30:57,8.25,7.42561666666667,0.777777777777778,11.3814285714286
"S070",0.02,0.0307692307692308,"SONA","SimpleFirst",2024-11-25 18:43:46,27.3196166666667,275638,943740,"chrome 131.0.0","false","Windows 10",1536,695,60.7,"Female",19,"Left-handed","High school",TRUE,NA,"White","United Kingdom",4,NA,6,6,10,15,-2,0,NA,NA,NA,NA,"eRlHtJR25112024","DoggoNogoValidation",2024-11-25 19:01:19,2024-11-25 19:09:59,150,2024-11-25 19:01:29,2024-11-25 19:09:59,8.66666666666667,11.1350333333333,NA,NA
"S290",0,0.0390625,"SONA","DoggoFirst",2025-04-10 15:37:56,20.8907666666667,764268,1202317,"chrome 116.0.0","false","Mac OS",1383,727,60.44,"Female",19,"Right-handed","Bachelor",TRUE,"Psychology, Neuroscience","Southeast Asian","United Kingdom",0,NA,2,0,12,15,-4,-4,NA,NA,NA,NA,"oVhK9CJ10042025","DoggoNogoValidation",2025-04-10 15:39:43,2025-04-10 15:48:19,150,2025-04-10 15:39:54,2025-04-10 15:48:19,8.6,7.30081666666667,0.444444444444444,10.90175
"S156",0.00666666666666667,0.0319148936170213,"SONA","DoggoFirst",2024-12-06 09:10:25,17.3060333333333,526082,978791,"chrome 131.0.0","false","Windows 10",1280,585,60.47,"Male",20,"Left-handed","High school",TRUE,NA,"White","United Kingdom",3,"For the second task, you can see the navigator on the screen. That might be a subconscious distractor ",7,1,8,7,2,-3,NA,NA,NA,NA,"0yP0enG06122024","DoggoNogoValidation",2024-12-06 09:12:10,2024-12-06 09:18:36,150,2024-12-06 09:12:19,2024-12-06 09:18:36,6.43333333333333,7.54515,NA,NA
"S110",0.12,0.0296296296296296,"SONA","SimpleFirst",2024-11-30 11:39:09,21.6723666666667,75407,611971,"chrome 129.0.0","false","Mac OS",1113,699,30.13,"Female",22,"Left-handed","High school",TRUE,NA,"White","United Kingdom",4,NA,6,5,10,10,2,2,NA,NA,NA,NA,"8bWmvYa30112024","DoggoNogoValidation",2024-11-30 11:50:16,2024-11-30 12:00:13,150,2024-11-30 11:50:27,2024-11-30 12:00:13,9.95,8.94273333333333,NA,NA
"S234",0,0,"SONA","DoggoFirst",2025-04-03 11:44:04,21.8712,767966,1221927,"safari 17.6.0","false","Mac OS",1470,839,58.14,"Female",19,"Right-handed","High school",TRUE,NA,"White","United Kingdom",3,NA,4,2,20,15,1,-2,NA,NA,NA,NA,"MlFfnbz03042025","DoggoNogoValidation",2025-04-03 11:45:59,2025-04-03 11:53:06,150,2025-04-03 11:46:08,2025-04-03 11:53:06,7.11666666666667,7.56601666666667,1,14.0147777777778
"S250",1,0.0567375886524823,"SONA","SimpleFirst",2025-04-06 22:36:48,20.1469666666667,51625,524337,"edge-chromium 135.0.0","false","Windows 10",1482,740,61.66,"Female",19,"Left-handed","Bachelor",TRUE,"Psychology, Neuroscience","Mixed","United Kingdom",0,NA,0,0,10,10,-4,-4,NA,NA,NA,NA,"SUpSpR006042025","DoggoNogoValidation",2025-04-06 22:47:09,2025-04-06 22:56:29,150,2025-04-06 22:47:19,2025-04-06 22:56:29,9.33333333333333,7.87853333333333,0.777777777777778,4.53028571428571
"S063",0,0.0280373831775701,"SONA","DoggoFirst",2024-11-25 14:43:59,17.1119333333333,578702,1002170,"chrome 130.0.0","false","Windows 10",1600,739,51.01,"Female",22,"Right-handed","Bachelor",TRUE,"Psychology, Neuroscience","White","United Kingdom",2,"didnt like the doggy one ",1,2,7,5,-1,-2,NA,NA,NA,NA,"Pg3606025112024","DoggoNogoValidation",2024-11-25 14:45:58,2024-11-25 14:52:53,150,2024-11-25 14:46:08,2024-11-25 14:52:53,6.91666666666667,7.0578,NA,NA
"S093",0.0333333333333333,0.0654761904761905,"SONA","DoggoFirst",2024-11-27 18:36:57,29.4935833333333,1000917,1495580,"safari 15.6.0","false","Mac OS",1470,840,60.12,"Female",20,"Left-handed","Bachelor",TRUE,"Psychology, Neuroscience","White","United Kingdom",2,NA,7,0,15,10,0,-4,NA,NA,NA,NA,"7332Je127112024","DoggoNogoValidation",2024-11-27 18:39:06,2024-11-27 18:51:10,150,2024-11-27 18:39:28,2024-11-27 18:51:10,12.0666666666667,8.24438333333333,NA,NA
"S021",0.126666666666667,0.037037037037037,"SONA","SimpleFirst",2024-11-20 21:54:35,21.6464333333333,92090,582804,"chrome 131.0.0","false","Windows 10",1536,730,61.13,"Female",19,"Right-handed","High school",TRUE,NA,"South Asian","United Kingdom",4,NA,4,7,10,5,0,1,NA,NA,NA,NA,"I3qXykB20112024","DoggoNogoValidation",2024-11-20 22:05:44,2024-11-20 22:15:13,150,2024-11-20 22:05:56,2024-11-20 22:15:13,9.48333333333333,8.17856666666667,NA,NA
"S122",0.0533333333333333,0.00943396226415094,"SONA","SimpleFirst",2024-12-02 14:16:11,19.0098333333333,53943,619763,"safari 17.6.0","false","Mac OS",1440,820,57.47,"Female",20,"Right-handed","Bachelor",TRUE,"Psychology, Neuroscience","White","United Kingdom",3,NA,3,1,7,7,-1,0,NA,NA,NA,NA,"TcxQtAm02122024","DoggoNogoValidation",2024-12-02 14:27:15,2024-12-02 14:34:26,150,2024-12-02 14:27:24,2024-12-02 14:34:26,7.18333333333333,9.43033333333333,NA,NA
"S303",0,0.0330578512396694,"SONA","SimpleFirst",2025-04-11 06:22:08,22.0992,82142,583953,"firefox 137.0.0","false","Windows 10",2560,1314,148.51,"Female",20,"Right-handed","High school",TRUE,NA,"White","United Kingdom",1,NA,1,1,15,20,-3,-2,NA,NA,NA,NA,"M6q3ppF11042025","DoggoNogoValidation",2025-04-11 06:35:27,2025-04-11 06:43:33,150,2025-04-11 06:35:36,2025-04-11 06:43:33,8.1,8.36351666666667,0.666666666666667,16.4976666666667
"S291",0.00666666666666667,0.04,"SONA","DoggoFirst",2025-04-10 15:59:05,23.0156666666667,845693,1343917,"chrome 135.0.0","false","Mac OS",1470,831,61.66,"Female",23,"Right-handed","High school",TRUE,NA,"White","United Kingdom",2,"i don't like that the dog was called doggo it gave me the ick. ",2,0,5,7,-1,-3,NA,NA,NA,NA,"yKf6gGS10042025","DoggoNogoValidation",2025-04-10 15:59:57,2025-04-10 16:10:48,150,2025-04-10 16:00:07,2025-04-10 16:10:48,10.85,8.30373333333333,0.555555555555556,11.813
"S143",0.14,0,"SONA","SimpleFirst",2024-12-04 21:01:24,17.1158,44876,513441,"safari 16.6.0","false","Mac OS",1232,728,60.3,"Female",19,"Right-handed","High school",TRUE,NA,"Middle Eastern/North African","United Kingdom",2,NA,5,0,2,3,-1,-4,NA,NA,NA,NA,"8IoQV6u04122024","DoggoNogoValidation",2024-12-04 21:10:58,2024-12-04 21:17:47,150,2024-12-04 21:11:07,2024-12-04 21:17:47,6.81666666666667,7.80941666666667,NA,NA
"S166",0.04,0.0342465753424658,"SONA","SimpleFirst",2025-03-09 17:13:21,30.0156166666667,252186,719327,"safari 17.6.0","false","Mac OS",1031,781,60.42,"Female",18,"Right-handed","High school",TRUE,NA,"Middle Eastern/North African","United Kingdom",4,NA,7,3,10,10,2,-2,NA,NA,NA,NA,"64ClMEH09032025","DoggoNogoValidation",2025-03-09 17:30:18,2025-03-09 17:41:43,150,2025-03-09 17:30:29,2025-03-09 17:41:43,11.4166666666667,7.78568333333333,0.666666666666667,19.9655
"S231",0.02,0.00917431192660551,"SONA","DoggoFirst",2025-04-01 22:40:46,19.1893333333333,672885,1133427,"edge-chromium 134.0.0","false","Windows 10",1528,738,61.29,"Female",20,"Right-handed","High school",FALSE,NA,"White","United Kingdom",4,"i like the dog game
",7,0,5,6,0,-4,NA,NA,NA,NA,"i6rQEG201042025","DoggoNogoValidation",2025-04-01 22:42:03,2025-04-01 22:49:34,150,2025-04-01 22:42:12,2025-04-01 22:49:34,7.51666666666667,7.6757,0.555555555555556,11.0844
"S217",0.0266666666666667,0,"SONA","DoggoFirst",2025-03-31 11:24:38,22.0169833333333,802147,1288372,"safari 17.3.1","false","Mac OS",1710,989,30.05,"Female",20,"Right-handed","Other",NA,NA,"White","United Kingdom",2,NA,3,0,6,7,-1,-2,NA,"a levels",NA,NA,"kHZglE931032025","DoggoNogoValidation",2025-03-31 11:27:06,2025-03-31 11:34:06,150,2025-03-31 11:27:15,2025-03-31 11:34:06,7,8.10375,0.666666666666667,16.1121666666667
"S020",0.00666666666666667,0.00952380952380952,"SONA","SimpleFirst",2024-11-20 20:20:48,19.47175,68426,557519,"safari 17.5.0","false","Mac OS",1228,738,57.58,"Female",21,"Right-handed","High school",TRUE,NA,"White","United Kingdom",3,NA,2,4,6,7,-2,0,NA,NA,NA,NA,"Im8mw7X20112024","DoggoNogoValidation",2024-11-20 20:32:19,2024-11-20 20:39:43,150,2024-11-20 20:32:45,2024-11-20 20:39:43,7.4,8.15155,NA,NA
"S315",0.0266666666666667,0.0367647058823529,"SONA","DoggoFirst",2025-04-11 22:56:57,23.9873833333333,937206,1399719,"chrome 135.0.0","false","Windows 10",1536,695,61.64,"Female",19,"Right-handed","High school",TRUE,NA,"White","United Kingdom",3,NA,5,0,10,20,-1,-4,NA,NA,NA,NA,"FHIVOB811042025","DoggoNogoValidation",2025-04-11 22:59:09,2025-04-11 23:08:16,150,2025-04-11 22:59:19,2025-04-11 23:08:16,9.11666666666667,7.70855,0.777777777777778,NA
"S283",0.0133333333333333,0.0168067226890756,"SONA","DoggoFirst",2025-04-10 13:48:13,32.1507666666667,852845,1893569,"edge-chromium 134.0.0","false","Windows 10",1280,605,49.24,"Female",18,"Right-handed","High school",TRUE,NA,"Mixed","United Kingdom",2,NA,6,0,5,30,-1,-3,NA,NA,NA,NA,"IdWpwDo10042025","DoggoNogoValidation",2025-04-10 13:50:55,2025-04-10 13:58:54,150,2025-04-10 13:51:05,2025-04-10 13:58:54,7.98333333333333,17.3454,0.777777777777778,15.8251428571429
"S160",0.0133333333333333,0.0210526315789474,"SONA","SimpleFirst",2024-12-06 16:34:23,23.8393,91203,552467,"edge-chromium 131.0.0","false","Windows 10",1528,704,61.36,"Female",18,"Right-handed","High school",TRUE,NA,"Hispanic/Latino","United Kingdom",2,NA,2,3,15,10,-4,-3,NA,NA,NA,NA,"4vJ1nL406122024","DoggoNogoValidation",2024-12-06 16:44:57,2024-12-06 16:57:33,150,2024-12-06 16:45:08,2024-12-06 16:57:33,12.6,7.68773333333333,NA,NA
"S145",0.06,0.047244094488189,"SONA","DoggoFirst",2024-12-05 00:33:54,20.50885,673437,1196309,"edge-ios 130.0.2849","true","iOS",980,628,59.52,"Female",20,"Right-handed","High school",TRUE,NA,"White","United Kingdom",0,NA,3,0,5,10,-4,-4,NA,NA,NA,NA,"vjTZ56a05122024","DoggoNogoValidation",2024-12-05 00:35:38,2024-12-05 00:44:17,150,2024-12-05 00:35:48,2024-12-05 00:44:17,8.65,8.71453333333333,NA,NA
"S173",0.0133333333333333,0.047244094488189,"SONA","DoggoFirst",2025-03-11 13:11:42,29.0246833333333,1174186,1696020,"safari 18.3.0","false","Mac OS",1180,777,56.29,"Female",18,"Right-handed","Bachelor",TRUE,"Psychology, Neuroscience","White","United Kingdom",3,NA,3,1,6,7,1,-2,NA,NA,NA,NA,"5J2s2UC11032025","DoggoNogoValidation",2025-03-11 13:17:40,2025-03-11 13:26:34,150,2025-03-11 13:17:53,2025-03-11 13:26:34,8.9,8.69723333333333,0.444444444444444,25.1
"S005",0.00666666666666667,0.0303030303030303,"SONA","SimpleFirst",2024-11-19 17:14:23,18.6966833333333,39523,501961,"chrome 131.0.0","false","Mac OS",1710,981,61.38,"Female",19,"Right-handed","Bachelor",TRUE,"Psychology, Neuroscience","Southeast Asian","United Kingdom",4,NA,4,3,10,10,-1,-2,NA,NA,NA,NA,"nOz0Gpt19112024","DoggoNogoValidation",2024-11-19 17:23:54,2024-11-19 17:32:31,150,2024-11-19 17:24:05,2024-11-19 17:32:31,8.61666666666667,7.7073,NA,NA
"S137",0,0.0152671755725191,"SONA","DoggoFirst",2024-12-04 14:54:49,24.5178166666667,797037,1442287,"chrome 131.0.0","false","Windows 10",1536,703,61.99,"Female",20,"Right-handed","High school",TRUE,NA,"White","United Kingdom",2,NA,3,1,8,12,-2,-3,NA,NA,NA,NA,"DiTQka804122024","DoggoNogoValidation",2024-12-04 14:57:06,2024-12-04 15:06:51,150,2024-12-04 14:57:16,2024-12-04 15:06:50,9.75,10.7541666666667,NA,NA
"S188",0.0533333333333333,0.00684931506849315,"SONA","DoggoFirst",2025-03-19 17:44:52,23.5278166666667,887193,1375375,"edge-chromium 134.0.0","false","Windows 10",1272,594,61.62,"Female",18,"Right-handed","Doctorate",NA,"Psychology, Neuroscience","Black","United Kingdom",3,NA,3,2,5.5,5,-1,0,NA,NA,NA,NA,"DOAZ9Zy19032025","DoggoNogoValidation",2025-03-19 17:46:41,2025-03-19 17:56:18,150,2025-03-19 17:46:51,2025-03-19 17:56:18,9.61666666666667,8.13636666666667,0.666666666666667,16.2133333333333
"S139",0.0266666666666667,0.0173913043478261,"SONA","DoggoFirst",2024-12-04 16:18:02,21.1433166666667,635855,1252607,"chrome 131.0.0","false","Windows 10",1536,695,61.6,"Female",20,"Right-handed","High school",TRUE,NA,"White","United Kingdom",2,NA,6,0,20,25,1,-4,NA,NA,NA,NA,"sTcnhJJ04122024","DoggoNogoValidation",2024-12-04 16:20:10,2024-12-04 16:28:01,150,2024-12-04 16:20:20,2024-12-04 16:28:01,7.85,10.2792,NA,NA
"S218",0.08,0.0176991150442478,"SONA","DoggoFirst",2025-03-31 13:30:42,23.3886333333333,933622,1374774,"safari 17.5.0","false","Mac OS",574,710,30.29,"Female",19,"Right-handed","High school",TRUE,NA,"Southeast Asian","United Kingdom",2,NA,4,0,5,7,1,-1,NA,NA,NA,NA,"SbM5XKR31032025","DoggoNogoValidation",2025-03-31 13:33:27,2025-03-31 13:41:33,150,2025-03-31 13:33:37,2025-03-31 13:41:33,8.1,7.35253333333333,0.666666666666667,NA
"S053",0,0.0254237288135593,"SONA","SimpleFirst",2024-11-24 20:00:25,20.51645,80722,522432,"chrome 131.0.0","false","Windows 10",1280,559,61.34,"Female",19,"Right-handed","High school",TRUE,NA,"White","United Kingdom",4,"woof",6,6,6,6,1,1,NA,NA,NA,NA,"r1p7OBo24112024","DoggoNogoValidation",2024-11-24 20:10:48,2024-11-24 20:19:00,150,2024-11-24 20:11:14,2024-11-24 20:19:00,8.2,7.36183333333333,NA,NA
"S045",0.00666666666666667,0.0378787878787879,"SONA","SimpleFirst",2024-11-23 17:23:51,20.1668166666667,57894,570526,"chrome 131.0.0","false","Mac OS",1440,812,60.62,"Female",19,"Right-handed","High school",TRUE,NA,"White","United Kingdom",2,NA,3,5,6,7,-3,-1,NA,NA,NA,NA,"F6OVB8i23112024","DoggoNogoValidation",2024-11-23 17:34:35,2024-11-23 17:43:25,150,2024-11-23 17:34:45,2024-11-23 17:43:25,8.83333333333333,8.54386666666667,NA,NA
"S116",0.00666666666666667,0.00746268656716418,"SONA","SimpleFirst",2024-12-02 01:12:09,18.8637,34513,476417,"safari 17.5.0","false","Mac OS",1920,1120,60.73,"Female",20,"Left-handed","High school",TRUE,NA,"White","United Kingdom",3,NA,6,2,8,5,1,-1,NA,NA,NA,NA,"upPsGzY02122024","DoggoNogoValidation",2024-12-02 01:21:17,2024-12-02 01:30:17,150,2024-12-02 01:21:27,2024-12-02 01:30:17,9,7.36506666666667,NA,NA
"S237",0,0.00909090909090909,"SONA","SimpleFirst",2025-04-03 14:18:05,39.1185333333333,78126,569550,"chrome 134.0.0","false","Mac OS",1440,812,60.48,"Female",20,"Right-handed","High school",TRUE,NA,"White","United Kingdom",3,NA,4,2,5,10,1,-3,NA,NA,NA,NA,"bPrEGrO03042025","DoggoNogoValidation",2025-04-03 14:49:14,2025-04-03 14:56:32,150,2025-04-03 14:49:24,2025-04-03 14:56:32,7.3,8.1904,0.444444444444444,14.81025
"S244",0.0266666666666667,0.0546875,"SONA","SimpleFirst",2025-04-06 14:30:02,26.96055,117001,749197,"safari 18.4.0","false","Mac OS",1440,820,59.46,"Female",19,"Right-handed","High school",TRUE,NA,"Mixed","United Kingdom",3,NA,4,2,10,5,-1,-3,NA,NA,NA,NA,"EZrqj1x06042025","DoggoNogoValidation",2025-04-06 14:48:26,2025-04-06 14:56:58,150,2025-04-06 14:48:45,2025-04-06 14:56:58,8.53333333333333,10.5366,0.444444444444444,18.10575
"S192",0.02,0.015625,"SONA","SimpleFirst",2025-03-21 21:17:00,22.3194,61344,546551,"chrome 134.0.0","false","Windows 10",1536,889,61.05,"Female",19,"Left-handed","High school",TRUE,NA,"White","United Kingdom",3,NA,5,3,25,20,0,0,NA,NA,NA,NA,"sJgTtkQ21032025","DoggoNogoValidation",2025-03-21 21:30:09,2025-03-21 21:38:50,150,2025-03-21 21:30:19,2025-03-21 21:38:50,8.68333333333333,8.08678333333333,0.666666666666667,11.7835
"S235",0.00666666666666667,0.00900900900900901,"SONA","SimpleFirst",2025-04-03 12:13:01,20.4462333333333,48197,573917,"opera 117.0.0","false","Mac OS",1468,802,61.56,"Female",20,"Right-handed","High school",TRUE,NA,"White","United Kingdom",1,NA,2,0,10,5,-2,-3,NA,NA,NA,NA,"zUorldT03042025","DoggoNogoValidation",2025-04-03 12:25:06,2025-04-03 12:32:55,150,2025-04-03 12:25:23,2025-04-03 12:32:55,7.81666666666667,8.762,0.555555555555556,10.8952
"S307",0,0.0333333333333333,"SONA","DoggoFirst",2025-04-11 12:50:18,22.2402,836056,1296547,"edge-chromium 135.0.0","false","Windows 10",1272,594,61.85,"Female",19,"Left-handed","High school",TRUE,NA,"White","United Kingdom",1,NA,1,0,10,10,-4,-4,NA,NA,NA,NA,"05NUq8011042025","DoggoNogoValidation",2025-04-11 12:52:08,2025-04-11 13:00:03,150,2025-04-11 12:52:19,2025-04-11 13:00:03,7.91666666666667,7.67485,0.777777777777778,NA
"S196",0,0.029126213592233,"SONA","DoggoFirst",2025-03-23 19:11:08,30.3193333333333,1015100,1795572,"edge-chromium 134.0.0","false","Windows 10",1272,594,61.65,"Female",19,"Right-handed","Bachelor",TRUE,"Psychology, Neuroscience","White","United Kingdom",3,NA,3,2,6,10,-1,-2,NA,NA,NA,NA,"N4PP4Ax23032025","DoggoNogoValidation",2025-03-23 19:16:23,2025-03-23 19:23:38,150,2025-03-23 19:16:51,2025-03-23 19:23:38,7.25,13.0078666666667,0.777777777777778,15.1455714285714
"S239",0.0133333333333333,0,"SONA","DoggoFirst",2025-04-04 13:46:40,5932.02448333333,355185942,355901583,"safari 18.3.1","false","Mac OS",1180,777,57.14,"Female",19,"Right-handed","Bachelor",TRUE,"Psychology, Neuroscience","White","United Kingdom",4,NA,4,1,10,15,0,-1,NA,NA,NA,NA,"E6E7cQA08042025","DoggoNogoValidation",2025-04-08 16:15:16,2025-04-08 16:22:59,150,2025-04-08 16:15:27,2025-04-08 16:22:59,7.71666666666667,11.92735,0.777777777777778,NA
"S007",0.0266666666666667,0.028169014084507,"SONA","SimpleFirst",2024-11-19 17:28:14,25.5654333333333,119746,807035,"chrome 130.0.0","false","Windows 10",1280,551,61.17,"Female",19,"Right-handed","High school",TRUE,NA,"South Asian","United Kingdom",2,NA,3,4,7,10,-2,2,NA,NA,NA,NA,"g3O8ijT19112024","DoggoNogoValidation",2024-11-19 17:43:13,2024-11-19 17:52:40,150,2024-11-19 17:43:23,2024-11-19 17:52:40,9.45,11.4548166666667,NA,NA
"S121",0.0133333333333333,0.0175438596491228,"SONA","DoggoFirst",2024-12-02 13:54:50,19.6652833333333,660921,1162040,"safari 17.6.0","false","Mac OS",1180,777,58.37,"Female",20,"Right-handed","Other",NA,NA,"White","United Kingdom",2,NA,4,1,22,10,-1,-3,NA,"A-Levels",NA,NA,"Uc70RCh02122024","DoggoNogoValidation",2024-12-02 13:57:08,2024-12-02 14:04:54,150,2024-12-02 13:57:17,2024-12-02 14:04:54,7.76666666666667,8.35198333333333,NA,NA
"S130",0.00666666666666667,0.0491803278688525,"SONA","SimpleFirst",2024-12-03 13:50:36,19.8506333333333,84312,526982,"edge-chromium 130.0.0","false","Windows 10",1528,704,61.69,"Female",19,"Right-handed","High school",TRUE,NA,"White","United Kingdom",2,NA,3,2,8,6,-1,-1,NA,NA,NA,NA,"gJrTaCs03122024","DoggoNogoValidation",2024-12-03 14:01:38,2024-12-03 14:09:30,150,2024-12-03 14:01:47,2024-12-03 14:09:30,7.86666666666667,7.37783333333333,NA,NA
"S039",0.0133333333333333,0.0232558139534884,"SONA","DoggoFirst",2024-11-22 21:01:52,19.3703166666667,624768,1120816,"chrome 131.0.0","false","Windows 10",1536,703,61.23,"Female",19,"Right-handed","High school",TRUE,NA,"White","United Kingdom",4,"the background of the first task made it difficult to see some of the bones appearing",6,3,10,8,1,0,NA,NA,NA,NA,"NOEuTW122112024","DoggoNogoValidation",2024-11-22 21:03:04,2024-11-22 21:11:42,150,2024-11-22 21:03:15,2024-11-22 21:11:42,8.63333333333333,8.26746666666667,NA,NA
"S258",0,0.00617283950617284,"SONA","DoggoFirst",2025-04-07 23:36:47,26.7845166666667,1020221,1537800,"edge-chromium 134.0.0","false","Windows 10",1272,674,62.25,"Female",19,"Left-handed","High school",TRUE,NA,"White","United Kingdom",0,NA,2,0,10,13,-4,-4,NA,NA,NA,NA,"BxTm1M607042025","DoggoNogoValidation",2025-04-07 23:39:01,2025-04-07 23:50:14,150,2025-04-07 23:39:10,2025-04-07 23:50:14,11.2166666666667,8.62631666666667,0.444444444444444,NA
"S270",0,0.0522388059701493,"SONA","DoggoFirst",2025-04-09 14:04:20,38.2312333333333,814918,2266224,"firefox 136.0.0","false","Windows 10",1280,639,60.91,"Female",20,"Right-handed","High school",TRUE,NA,"White","United Kingdom",2,NA,4,4,5,10,-2,-1,NA,NA,NA,NA,"J82St7B09042025","DoggoNogoValidation",2025-04-09 14:06:19,2025-04-09 14:14:39,150,2025-04-09 14:06:29,2025-04-09 14:14:39,8.33333333333333,24.1884333333333,0.666666666666667,NA
"S302",0,0.0217391304347826,"SONA","SimpleFirst",2025-04-11 05:16:15,26.6662833333333,105050,831192,"edge-chromium 135.0.0","false","Windows 10",1528,738,122.67,"Other",22,"Right-handed","High school",TRUE,NA,"White","United Kingdom",2,NA,5,4,15,20,-1,-2,NA,NA,NA,"Non binary","zh5Jxl611042025","DoggoNogoValidation",2025-04-11 05:33:37,2025-04-11 05:42:18,150,2025-04-11 05:33:46,2025-04-11 05:42:18,8.68333333333333,12.1023666666667,0.555555555555556,10.099
"S313",0,0.0272727272727273,"SONA","DoggoFirst",2025-04-11 15:34:03,18.2961333333333,631177,1070048,"chrome 134.0.0","false","Mac OS",1374,752,61.11,"Female",19,"Right-handed","High school",TRUE,NA,"Mixed","United Kingdom",2,NA,6,0,15,5,1,-4,NA,NA,NA,NA,"kwmcSRx11042025","DoggoNogoValidation",2025-04-11 15:35:24,2025-04-11 15:42:45,150,2025-04-11 15:35:34,2025-04-11 15:42:44,7.35,7.31451666666667,0.666666666666667,6.11733333333333
"S075",0.04,0.032051282051282,"SONA","SimpleFirst",2024-11-26 11:53:48,24.30485,76741,676132,"chrome 128.0.0","false","Mac OS",1710,981,61.91,"Female",18,"Right-handed","High school",TRUE,NA,"White","United Kingdom",2,NA,2,1,20,8,-4,-3,NA,NA,NA,NA,"RLMwSXF26112024","DoggoNogoValidation",2024-11-26 12:06:14,2024-11-26 12:17:08,150,2024-11-26 12:06:33,2024-11-26 12:17:08,10.9,9.98985,NA,NA
"S265",0.28,0.0569105691056911,"SONA","DoggoFirst",2025-04-08 19:47:04,20.2752833333333,669870,1160306,"safari 17.3.0","false","Mac OS",1324,764,60.36,"Female",20,"Right-handed","High school",TRUE,NA,"Black","United Kingdom",0,NA,4,0,5,10,-3,-4,NA,NA,NA,NA,"BpzJ9m408042025","DoggoNogoValidation",2025-04-08 19:48:38,2025-04-08 19:56:48,150,2025-04-08 19:48:47,2025-04-08 19:56:48,8.16666666666667,8.17393333333333,1,2.56977777777778
"S152",0,0.0538461538461538,"SONA","DoggoFirst",2024-12-05 17:16:17,20.0873333333333,670490,1179743,"chrome 129.0.0","false","Mac OS",1440,812,61.05,"Female",18,"Right-handed","High school",TRUE,NA,"White","United Kingdom",1,"no nothing cheers",1,1,8,7,-1,-3,NA,NA,NA,NA,"ruPt0YS05122024","DoggoNogoValidation",2024-12-05 17:17:42,2024-12-05 17:26:26,150,2024-12-05 17:17:51,2024-12-05 17:26:26,8.73333333333333,8.48755,NA,NA
"S087",0.00666666666666667,0.0416666666666667,"SONA","SimpleFirst",2024-11-27 15:22:53,17.4795833333333,42856,480128,"chrome 124.0.0","false","Windows 10",1280,559,61.24,"Female",19,"Right-handed","High school",TRUE,NA,"White","United Kingdom",2,NA,3,2,12,10,0,-1,NA,NA,NA,NA,"sg6xBIG27112024","DoggoNogoValidation",2024-11-27 15:31:56,2024-11-27 15:39:52,150,2024-11-27 15:32:05,2024-11-27 15:39:52,7.93333333333333,7.28786666666667,NA,NA
"S181",0.0333333333333333,0.0422535211267606,"SONA","DoggoFirst",2025-03-14 19:31:39,32.5403833333333,1441150,1901214,"safari 17.5.0","false","Mac OS",1440,900,59.7,"Male",20,"Left-handed","High school",TRUE,NA,"White","United Kingdom",4,"The game could be a tiny bit buggy, e.g. I would press when I saw a bone and it wouldn't be registered",7,2,10,20,2,0,NA,NA,NA,NA,"SYEunG714032025","DoggoNogoValidation",2025-03-14 19:37:19,2025-03-14 19:51:31,150,2025-03-14 19:37:34,2025-03-14 19:51:31,14.2,7.66773333333333,0.888888888888889,20.55475
"S066",0.0133333333333333,0.00952380952380952,"SONA","DoggoFirst",2024-11-25 17:13:36,18.9191666666667,606127,1110233,"chrome 130.0.0","false","Windows 10",1280,585,65.55,"Female",19,"Right-handed","High school",TRUE,NA,"White","United Kingdom",2,NA,5,0,7,14,-1,-4,NA,NA,NA,NA,"GYdL3mO25112024","DoggoNogoValidation",2024-11-25 17:15:56,2024-11-25 17:22:54,150,2024-11-25 17:16:06,2024-11-25 17:22:54,6.96666666666667,8.40176666666667,NA,NA
"S105",0.00666666666666667,0,"SONA","DoggoFirst",2024-11-29 13:23:57,19.39245,614029,1138842,"chrome 131.0.0","false","Windows 10",1920,991,147.82,"Female",21,"Right-handed","Bachelor",TRUE,"Psychology, Neuroscience","White","United Kingdom",3,"the puppy experiment was so fun!",7,2,15,20,2,-2,NA,NA,NA,NA,"tyzYOjL29112024","DoggoNogoValidation",2024-11-29 13:26:14,2024-11-29 13:33:30,150,2024-11-29 13:26:23,2024-11-29 13:33:30,7.26666666666667,8.74688333333333,NA,NA
"S242",0.0466666666666667,0.0341880341880342,"SONA","SimpleFirst",2025-04-04 16:05:16,21.85915,84177,563164,"safari 16.5.0","false","Mac OS",710,758,30.12,"Male",20,"Left-handed","High school",TRUE,NA,"White","United Kingdom",1,NA,2,0,12,9,-4,-3,NA,NA,NA,NA,"SBDPsom04042025","DoggoNogoValidation",2025-04-04 16:18:16,2025-04-04 16:25:52,150,2025-04-04 16:18:25,2025-04-04 16:25:52,7.6,7.98311666666667,0.555555555555556,15.8002
"S184",0.02,0.036231884057971,"SONA","SimpleFirst",2025-03-16 21:11:14,19.8809333333333,38636,473772,"safari 17.3.0","false","Mac OS",1440,820,60.54,"Male",20,"Right-handed","High school",TRUE,NA,"South Asian","United Kingdom",1,NA,1,1,7,5,-3,-2,NA,NA,NA,NA,"H5sCCHr16032025","DoggoNogoValidation",2025-03-16 21:21:16,2025-03-16 21:30:34,150,2025-03-16 21:21:28,2025-03-16 21:30:34,9.3,7.25226666666667,1,5.126
"S185",0.0133333333333333,0.0442477876106195,"SONA","DoggoFirst",2025-03-17 16:43:30,18.8672166666667,685811,1112150,"chrome 134.0.0","false","Windows 10",1920,953,60.96,"Female",18,"Right-handed","Bachelor",TRUE,"Psychology, Neuroscience","Prefer not to say","United Kingdom",NA,NA,0,1,17,7,-1,-3,NA,NA,NA,NA,"QaayOHI17032025","DoggoNogoValidation",2025-03-17 16:44:44,2025-03-17 16:52:22,150,2025-03-17 16:44:53,2025-03-17 16:52:22,7.63333333333333,7.10565,0.888888888888889,8.812625
"S009",0.0333333333333333,0,"SONA","SimpleFirst",2024-11-19 22:23:38,19.0423,87142,605949,"chrome 130.0.0","false","Windows 10",1536,730,61.28,"Female",20,"Right-handed","High school",TRUE,NA,"White","United Kingdom",4,NA,6,5,7,10,1,-2,NA,NA,NA,NA,"rB7iSCm19112024","DoggoNogoValidation",2024-11-19 22:35:06,2024-11-19 22:41:46,150,2024-11-19 22:35:24,2024-11-19 22:41:45,6.66666666666667,8.64678333333333,NA,NA
"S267",0,0.0327868852459016,"SONA","DoggoFirst",2025-04-09 00:11:16,24.2249666666667,788683,1416544,"chrome 133.0.0","false","Mac OS",1440,778,61.43,"Male",21,"Right-handed","High school",TRUE,NA,"White","United Kingdom",3,NA,4,3,15,17,0,-1,NA,NA,NA,NA,"hIn1KXK09042025","DoggoNogoValidation",2025-04-09 00:12:41,2025-04-09 00:20:52,150,2025-04-09 00:12:51,2025-04-09 00:20:52,8.18333333333333,10.46435,0.444444444444444,13.854
"S236",0.00666666666666667,0.0260869565217391,"SONA","SimpleFirst",2025-04-03 14:05:55,23.9424666666667,146293,668796,"chrome 134.0.0","false","Windows 10",1536,695,61.63,"Female",21,"Right-handed","High school",TRUE,NA,"White","United Kingdom",1,NA,1,1,10,5,-4,0,NA,NA,NA,NA,"lqaTE5h03042025","DoggoNogoValidation",2025-04-03 14:21:37,2025-04-03 14:29:00,150,2025-04-03 14:21:46,2025-04-03 14:29:00,7.38333333333333,8.70838333333333,0.222222222222222,NA
"S170",0.02,0.0566037735849057,"SONA","SimpleFirst",2025-03-10 16:06:14,31.91385,71357,786256,"safari 17.2.0","false","Mac OS",1470,840,59.82,"Female",18,"Right-handed","High school",TRUE,NA,"White","United Kingdom",0,NA,2,1,15,10,-3,-1,NA,NA,NA,NA,"l3eGuIj10032025","DoggoNogoValidation",2025-03-10 16:24:08,2025-03-10 16:36:40,150,2025-03-10 16:24:17,2025-03-10 16:36:40,12.5333333333333,11.9149833333333,0.111111111111111,12.887
"S041",0.0733333333333333,0.0492957746478873,"SONA","SimpleFirst",2024-11-23 00:57:38,19.9491833333333,104135,552129,"chrome 130.0.0","false","Windows 10",1280,551,61.22,"Female",20,"Left-handed","High school",TRUE,NA,"White","United Kingdom",0,NA,1,0,8,7,-4,-2,NA,NA,NA,NA,"xgEyVWZ23112024","DoggoNogoValidation",2024-11-23 01:07:39,2024-11-23 01:16:57,150,2024-11-23 01:07:55,2024-11-23 01:16:57,9.3,7.46656666666667,NA,NA
"S212",0,0.0078125,"SONA","SimpleFirst",2025-03-30 13:49:14,22.01815,69122,512011,"chrome 134.0.0","false","Windows 10",1536,730,61.12,"Male",19,"Right-handed","High school",TRUE,NA,"White","United Kingdom",4,NA,5,3,6.7,6.5,0,-1,NA,NA,NA,NA,"nNUwQ4c30032025","DoggoNogoValidation",2025-03-30 14:01:49,2025-03-30 14:10:17,150,2025-03-30 14:01:58,2025-03-30 14:10:17,8.46666666666667,7.38148333333333,0.444444444444444,15.1865
